respid;open145;open42;open10;open15;open134;open900;open109;open88;open46;open1;open99;open11;open116;open4;open112;open40;open9;open13;open118;open121;open151;open90;open5;open87;open30;open146;open43;open139;open3;open48;open22;open125;open60;open32;open49;open12;open106;open96;open111;open130;open133;open19;open104;open135;open80;open143;open115;open59;open78;open75;open102;open107;open76;open94;open71;open7;open44;open21;open105;open18;open113;open148;open64;open50;open89;open110;open152;open129;open8;open53;open63;open66;open27;open83;open95;open70;open86;open85;open136;open16;open29;open25;open147;open144;open72;open140;open55;open61;open56;open58;open901;open37;open74;open91;open97;open93;open67;open20;open17;open127;open2;open124;open114;open6;open28;open92;open132;open77;open45;open31;open35;Filter;filter_$
10010003;5;4;2;5;3;3;4;2;2;3;3;2;2;3;3;1;5;5;2;5;5;4;4;4;5;4;2;4;3;2;2;4;2;4;5;4;3;4;4;2;2;3;3;3;3;3;3;3;3;2;4;2;3;4;4;3;3;2;3;4;3;4;4;5;4;3;3;3;3;3;3;2;2;4;3;5;2;4;5;4;3;5;4;3;3;3;4;2;4;3;3;2;2;3;3;3;2;2;3;5;3;4;2;4;2;3;4;4;3;3;3;0;1
10010006;4;5;3;4;5;3;3;3;2;4;5;1;2;3;4;2;5;4;1;5;1;4;4;5;5;5;5;2;4;4;3;5;5;3;1;2;5;5;5;3;5;5;5;4;3;1;4;5;5;2;5;1;5;5;5;5;5;3;5;4;5;5;4;5;1;5;5;5;4;4;1;2;5;4;5;3;3;5;5;4;3;3;4;4;1;5;5;4;5;4;2;1;1;2;5;3;5;3;4;3;5;5;2;5;1;5;4;5;4;5;4;0;1
10010013;5;1;1;4;5;5;5;5;2;5;3;1;2;3;4;2;5;3;2;5;1;4;5;4;2;4;5;5;4;3;1;5;1;2;1;5;2;5;3;5;5;3;5;5;4;1;5;2;5;1;5;1;3;5;2;2;4;5;5;3;1;4;5;1;5;5;5;5;4;3;2;2;2;3;2;1;2;4;4;5;4;5;5;4;5;5;5;4;5;5;5;1;3;2;5;5;1;4;3;5;2;2;1;2;1;5;1;3;1;4;4;0;1
10010015;5;5;2;5;5;3;2;2;4;5;4;5;5;3;4;1;4;4;5;4;3;5;5;2;4;5;2;2;3;4;4;3;1;5;3;2;3;5;4;1;3;5;5;2;4;3;3;4;2;5;5;3;4;5;3;5;4;2;3;4;2;4;4;3;4;3;3;4;3;5;2;2;2;4;4;4;1;5;4;4;3;5;4;3;1;4;5;3;5;5;2;4;1;5;5;3;3;3;4;3;3;4;3;3;1;4;4;4;5;3;3;0;1
10010016;4;4;2;3;2;2;4;3;4;5;4;2;4;3;4;3;4;5;2;4;4;5;4;3;4;4;3;1;3;4;3;5;2;2;3;4;5;5;4;3;4;2;4;5;5;3;2;2;5;2;4;3;2;3;2;4;4;3;5;5;2;5;4;3;2;3;4;3;3;2;4;3;2;3;2;3;4;5;4;2;5;4;3;2;2;5;5;1;4;5;3;2;1;1;5;4;2;3;5;5;5;3;1;4;1;2;3;3;4;4;5;0;1
10010017;4;2;1;3;4;4;3;3;4;4;4;2;2;4;3;3;2;3;4;4;5;4;4;3;3;2;3;4;3;5;3;5;3;3;4;4;5;5;4;3;3;3;4;2;3;3;3;5;3;2;3;3;4;5;4;4;4;4;4;3;3;4;4;4;4;3;5;3;3;2;2;2;2;4;4;4;2;4;4;4;4;4;4;4;2;5;5;2;4;3;4;4;2;4;4;4;3;2;4;5;3;4;2;4;1;4;1;4;4;4;4;0;1
10010019;4;2;2;4;4;4;4;4;1;3;3;1;1;1;3;2;1;3;1;4;4;3;2;5;4;3;3;4;4;3;2;4;3;3;3;2;3;4;3;2;3;3;4;2;2;2;2;4;2;2;4;3;3;4;4;3;3;4;3;3;2;3;4;3;2;4;4;4;3;2;3;2;2;4;4;2;2;4;4;4;4;5;4;3;2;3;5;3;2;3;2;2;4;2;4;3;3;2;3;3;3;4;2;3;2;3;2;3;5;3;3;0;1
10010022;4;2;2;5;4;4;5;4;4;4;4;1;3;2;4;1;5;4;3;4;3;2;4;3;4;4;3;3;4;5;3;4;1;4;4;2;4;4;4;2;4;4;3;3;3;2;2;4;3;2;5;2;4;4;3;4;4;2;3;4;2;5;4;4;4;3;4;3;4;3;4;1;2;4;3;4;2;5;4;4;4;5;4;4;2;5;4;2;4;4;1;1;1;5;5;4;2;3;5;5;3;5;3;4;3;4;5;4;2;4;3;0;1
10010025;4;3;2;5;3;5;2;2;3;3;3;5;4;1;2;1;3;3;4;1;5;5;3;3;2;4;2;4;3;3;2;3;1;4;1;3;3;4;3;2;2;3;4;2;2;2;4;3;2;2;5;3;3;4;4;4;3;3;2;3;2;5;4;2;4;2;5;4;2;4;1;3;3;4;2;3;3;4;4;5;3;5;3;4;2;3;4;2;4;3;3;4;2;5;4;2;2;3;4;4;3;4;2;3;1;2;4;3;4;3;3;0;1
10010026;5;1;2;5;5;5;3;3;4;4;5;5;2;1;3;2;3;3;2;3;3;3;3;3;2;2;3;5;2;3;4;3;3;3;1;4;2;5;1;2;2;2;3;3;2;3;4;5;1;2;5;2;4;5;2;3;3;4;3;1;5;5;3;2;3;1;5;5;2;5;1;4;4;3;4;4;4;3;4;3;2;5;3;5;5;3;5;2;3;4;4;5;3;3;3;3;3;3;2;3;2;3;2;2;1;1;3;3;3;3;3;0;1
10010030;4;4;3;3;3;4;2;4;1;4;4;3;1;3;3;2;3;3;1;3;2;4;2;1;3;3;3;3;4;3;4;3;2;3;4;2;3;5;3;4;3;2;3;2;3;4;2;1;3;1;4;2;3;4;3;3;1;4;2;2;3;4;4;4;1;2;3;4;2;2;1;2;2;4;4;3;2;4;3;2;3;5;4;4;2;2;4;5;4;3;2;4;4;2;4;3;1;2;3;3;2;4;2;2;1;4;3;4;3;3;3;0;1
10010035;4;1;2;4;5;5;4;5;5;5;4;1;5;2;3;1;3;4;5;5;2;3;5;3;3;5;3;3;4;4;1;5;2;5;5;1;4;5;4;2;4;3;5;3;4;1;2;2;3;4;4;2;5;5;5;4;5;2;5;3;2;5;4;5;2;2;4;4;4;3;5;2;2;3;3;3;3;4;4;3;4;5;4;3;3;4;4;2;4;5;1;2;2;4;4;3;3;2;3;5;3;3;2;3;1;5;3;3;2;4;3;0;1
10010036;4;1;1;4;4;5;3;5;5;4;3;1;5;2;3;2;2;3;5;5;4;4;3;4;4;3;3;3;3;4;1;4;2;5;4;3;4;5;4;3;4;4;5;4;3;2;3;2;2;5;4;1;5;5;4;3;4;1;3;3;1;4;3;4;3;1;5;4;3;4;5;2;2;5;3;5;1;4;5;5;4;5;5;4;1;5;3;2;5;5;2;3;1;5;3;4;3;3;3;4;3;4;3;3;1;5;3;4;2;3;4;0;1
10010037;3;3;2;5;2;4;3;4;5;3;4;2;5;2;2;1;2;2;5;2;2;2;4;3;3;4;2;2;2;4;3;3;3;3;2;3;3;5;2;2;2;3;3;3;2;3;4;4;3;5;5;3;4;4;5;3;4;2;3;2;3;5;4;4;4;2;5;3;2;4;4;3;2;3;3;5;3;2;3;4;2;5;4;3;1;3;4;2;4;3;2;2;2;5;4;3;3;2;2;3;3;4;3;3;1;2;3;3;2;2;3;0;1
10010039;5;1;1;4;5;5;3;4;5;5;5;3;5;4;3;1;2;3;5;5;1;5;4;1;5;5;3;5;4;5;1;4;1;5;5;5;5;5;5;1;4;2;5;4;5;1;4;2;4;5;5;2;4;5;3;4;5;1;3;4;1;5;5;5;4;2;5;5;5;5;5;3;1;5;5;4;2;4;4;5;5;5;2;4;2;4;5;1;5;5;4;2;2;5;5;5;4;4;4;4;4;5;2;4;1;4;5;5;3;4;4;0;1
10010040;4;2;1;5;3;4;3;3;5;4;5;2;5;2;5;2;4;4;5;2;4;4;4;4;4;3;4;3;2;4;2;5;2;3;4;4;4;5;4;4;4;3;4;4;4;3;3;4;4;5;4;2;4;5;4;4;4;2;4;2;2;4;4;2;4;3;5;4;5;3;3;2;1;4;4;4;2;4;4;4;4;5;4;4;2;4;4;1;4;5;3;4;2;5;3;4;5;3;3;4;4;2;4;4;1;3;5;5;3;3;4;0;1
10010042;4;2;2;4;5;5;4;4;5;3;4;2;3;3;4;1;4;4;5;4;3;3;4;4;4;4;4;4;4;4;1;4;2;4;5;4;2;4;4;2;4;4;5;4;4;1;3;3;3;3;4;2;4;5;4;3;5;2;4;3;1;5;4;5;3;5;4;4;5;3;5;2;2;5;4;4;2;4;4;4;4;5;4;4;2;4;5;2;5;5;4;2;2;5;5;4;3;5;5;5;5;5;2;5;1;5;3;4;2;5;4;0;1
10010044;5;4;1;5;4;5;3;1;5;5;5;2;5;1;4;1;2;4;5;5;3;4;4;2;5;4;2;4;4;4;1;4;2;4;4;4;4;5;4;4;3;2;4;4;4;3;2;1;3;3;5;2;4;5;3;4;4;1;3;4;1;5;5;5;4;4;5;4;3;1;4;2;2;4;4;2;1;4;4;4;5;5;4;5;4;4;5;2;4;5;5;2;1;5;4;4;4;3;4;4;4;4;2;5;1;4;4;4;2;4;5;0;1
10010045;4;1;1;5;5;5;5;5;5;2;5;1;3;5;5;1;2;4;4;5;2;1;4;5;3;5;3;4;3;4;1;5;2;5;2;4;3;4;3;2;4;5;3;3;3;2;1;4;4;4;4;1;5;5;5;3;4;2;4;3;2;5;5;3;5;5;5;4;5;5;4;3;3;4;5;5;2;3;4;4;4;5;4;4;1;4;5;4;5;5;3;3;2;4;5;5;3;4;2;5;2;5;2;4;1;2;4;5;2;3;4;0;1
10010046;4;2;4;3;5;5;4;5;1;4;5;1;1;1;4;2;2;3;1;4;4;3;5;5;5;2;3;3;4;3;5;5;1;3;4;4;5;5;5;2;4;5;4;5;5;2;2;1;3;1;5;2;5;5;5;4;4;5;4;4;2;3;4;2;1;2;5;4;4;1;5;3;1;3;5;4;3;5;5;3;5;5;5;4;4;5;5;3;5;5;3;2;1;1;4;4;3;3;4;5;3;5;5;2;1;4;3;5;2;5;4;0;1
10010048;4;1;2;4;4;5;4;4;3;4;5;2;3;3;4;2;3;3;3;4;4;3;4;5;3;4;4;2;3;4;3;4;2;5;3;4;3;5;4;3;3;4;4;4;3;3;4;4;4;3;5;3;4;5;5;4;3;2;4;3;2;4;4;3;4;2;5;4;4;4;2;2;2;4;4;4;2;4;4;3;4;4;4;4;1;4;4;1;4;3;4;2;2;4;4;4;3;3;4;4;3;4;2;4;1;2;4;4;3;4;4;0;1
10010049;3;3;2;4;4;4;3;4;4;4;4;1;3;2;4;2;4;4;3;4;3;3;4;3;4;4;3;3;4;4;2;4;2;4;5;3;4;4;4;2;4;4;4;4;4;2;3;3;3;4;4;2;4;4;4;4;4;2;4;4;3;4;4;4;4;4;4;4;4;3;4;2;3;4;4;4;2;4;4;4;4;4;3;4;2;4;4;2;4;4;3;3;2;3;4;4;2;4;4;4;4;4;2;4;2;4;3;4;3;4;4;0;1
10010051;3;2;1;4;4;2;3;5;3;4;2;1;2;3;5;2;5;4;3;3;4;4;4;5;3;4;2;4;4;4;3;4;3;4;3;3;3;5;4;4;3;5;4;3;3;3;3;3;4;4;4;2;4;5;5;4;3;3;4;3;3;4;4;4;3;4;2;4;4;3;4;3;3;3;4;4;1;4;4;4;4;5;5;3;1;4;4;4;4;3;1;3;2;4;4;3;3;4;3;4;3;4;1;4;2;4;3;4;3;4;4;0;1
10010052;5;2;1;4;5;5;5;4;3;5;4;1;3;4;4;1;4;4;3;4;3;3;4;5;4;4;4;5;4;5;2;5;3;4;4;3;4;5;4;2;4;5;5;2;4;2;2;4;3;4;5;2;5;5;5;4;4;2;3;4;3;5;5;4;5;4;4;2;4;5;4;4;3;4;3;5;1;4;4;4;4;4;5;4;1;5;4;1;5;5;5;2;2;3;5;2;3;3;4;5;4;4;1;5;2;3;2;4;4;3;5;0;1
10020002;4;2;2;4;4;4;2;3;3;3;4;4;2;2;3;2;3;3;2;4;2;3;3;4;3;3;3;4;3;4;3;2;3;3;4;2;3;3;4;2;3;3;3;4;3;2;2;3;4;2;4;2;4;4;4;3;4;3;4;3;2;4;4;4;4;1;4;5;3;3;2;3;3;3;4;4;2;4;4;3;4;4;3;4;2;3;4;3;4;4;2;4;2;3;3;3;2;3;4;3;2;3;2;4;3;4;3;3;3;4;4;0;1
10020003;3;2;2;3;2;5;4;3;3;2;4;5;3;3;3;2;3;3;4;3;3;2;4;5;2;3;3;3;2;4;2;4;3;3;3;3;2;4;2;2;3;5;3;3;2;2;2;4;3;2;3;2;3;4;4;3;3;3;3;3;3;3;5;2;4;3;4;3;3;2;1;4;2;2;3;5;2;2;3;2;2;4;4;2;1;4;5;2;4;4;3;2;3;4;3;2;3;2;3;4;3;4;3;4;4;1;4;2;4;2;3;0;1
10020006;5;2;2;4;5;4;4;3;1;5;1;5;1;5;4;4;1;4;1;3;5;4;4;5;1;4;4;3;3;5;5;5;2;3;5;5;2;5;3;5;4;4;5;4;4;5;3;5;4;1;5;2;5;5;4;5;4;5;5;2;2;4;4;4;5;5;2;5;4;1;2;4;1;3;4;5;5;4;4;1;5;5;5;5;1;4;4;3;5;5;4;4;1;1;4;4;5;4;4;5;3;2;1;5;3;2;2;4;4;2;5;0;1
10020011;5;2;1;5;5;5;4;4;5;5;4;2;5;5;4;1;4;5;5;5;2;3;3;5;5;5;4;5;5;4;1;3;2;4;3;4;3;4;5;1;2;4;5;4;4;1;2;2;4;4;5;2;5;4;5;4;4;1;5;5;1;5;5;5;4;4;4;5;5;4;2;1;3;4;5;5;2;5;4;4;5;2;4;4;1;4;4;2;5;5;4;2;1;5;5;5;3;4;4;3;3;5;1;5;2;4;2;4;2;5;4;0;1
10020012;4;3;2;2;3;4;3;4;2;4;3;2;2;2;4;2;2;3;2;4;3;4;3;4;3;4;3;4;3;3;4;3;2;3;3;3;3;4;4;3;3;4;3;2;3;3;3;4;2;1;3;2;3;4;2;4;2;4;3;2;2;3;3;2;3;2;2;4;2;2;1;2;2;4;3;3;2;4;4;4;4;5;3;3;2;4;4;2;4;3;3;2;1;2;3;3;2;2;3;4;3;3;2;3;1;1;3;4;3;3;4;0;1
10020013;3;4;2;4;3;4;2;5;5;3;4;5;4;2;3;1;2;3;4;3;5;4;3;3;3;4;2;2;3;5;3;2;3;4;3;2;3;5;3;3;2;3;2;2;3;2;3;3;2;4;4;2;3;5;3;3;4;2;3;3;2;4;4;3;2;2;4;3;3;4;3;2;3;2;1;2;3;4;4;3;3;5;3;3;3;4;3;3;3;4;2;3;2;5;4;2;3;2;3;3;3;3;2;3;3;3;4;3;3;3;2;0;1
10020021;5;2;2;4;1;3;5;5;3;2;5;2;2;2;4;2;1;4;3;4;4;2;4;5;2;5;4;3;4;3;4;4;5;4;2;4;1;5;4;1;4;5;4;4;3;3;2;5;4;2;5;1;5;5;5;4;4;5;4;4;1;5;5;1;4;4;4;4;1;5;1;4;2;3;5;4;3;4;3;3;2;5;2;2;2;5;5;2;3;5;3;3;2;3;5;2;4;3;4;4;3;5;3;4;4;2;4;3;4;2;3;0;1
10020025;4;3;2;3;3;3;2;3;2;3;3;2;2;2;3;2;2;2;2;2;2;3;3;2;2;3;3;2;3;3;3;4;2;3;3;2;2;3;3;2;3;2;2;3;2;2;2;2;2;2;3;2;3;3;2;3;2;2;3;3;3;3;3;3;3;3;3;3;3;3;3;3;3;3;3;3;3;3;3;3;3;3;3;3;3;3;3;3;3;3;3;3;3;3;3;3;3;3;3;3;3;3;3;3;3;3;3;3;3;3;3;0;1
10020026;4;3;2;3;2;2;3;4;5;3;4;3;5;3;2;2;1;3;5;4;2;4;4;5;3;1;4;2;3;4;4;4;4;2;3;2;1;5;2;5;2;1;2;2;5;2;3;5;4;4;4;3;4;5;5;3;4;2;2;2;4;4;4;3;2;3;5;3;1;2;1;5;2;4;4;5;3;2;3;3;4;5;4;2;3;2;4;3;4;2;2;3;2;5;3;4;4;2;3;4;3;2;2;4;1;1;1;2;1;2;3;0;1
10020027;5;1;1;4;3;5;2;4;5;4;5;1;5;3;5;1;2;5;5;4;2;4;5;3;5;4;3;3;3;5;1;5;1;4;3;4;5;5;5;1;4;4;4;3;5;1;2;3;3;5;5;1;5;5;5;4;5;1;5;4;2;5;5;5;4;3;5;5;4;4;4;1;1;5;5;5;1;5;5;4;5;5;3;3;1;5;5;3;5;5;3;1;1;5;5;2;1;4;4;5;4;4;4;4;1;5;2;5;2;4;5;0;1
10020028;5;1;1;4;1;5;5;5;1;5;5;5;2;1;5;1;3;5;2;5;1;1;5;5;3;5;5;5;3;5;3;5;1;5;1;5;2;5;3;2;5;5;5;3;3;1;1;5;4;2;5;1;5;5;5;5;2;3;3;3;1;3;5;1;1;5;5;3;3;4;1;2;3;3;5;5;1;2;5;5;2;5;5;5;5;5;5;1;4;3;5;3;1;3;5;1;2;3;5;5;5;3;1;4;3;1;5;3;3;3;5;0;1
10020032;3;1;1;3;5;5;5;5;3;5;3;1;3;3;5;1;5;4;3;5;1;1;4;3;5;3;4;2;4;3;3;5;2;4;5;4;4;5;5;3;5;3;3;5;4;2;1;1;5;3;4;1;4;5;4;5;4;1;4;5;2;4;5;5;4;4;5;4;4;3;4;1;4;5;2;5;1;5;2;5;5;3;4;4;1;5;3;1;5;5;3;1;1;5;5;4;1;4;4;5;4;3;2;5;4;2;1;4;1;3;4;0;1
10020033;3;2;3;3;3;3;3;1;3;3;3;2;2;1;3;2;3;3;4;4;3;4;3;2;4;3;2;4;3;4;3;2;2;4;4;2;2;4;3;3;2;3;2;4;2;2;3;4;1;3;3;3;3;4;2;3;2;4;2;3;3;3;3;2;2;3;5;3;2;4;2;4;4;2;2;2;4;3;4;4;3;5;3;3;4;3;4;3;3;3;3;3;3;4;4;3;2;2;4;3;3;2;2;2;1;3;3;2;3;4;3;0;1
10020036;4;2;2;4;4;4;3;3;4;4;3;3;4;2;4;2;2;4;4;4;4;4;4;2;4;4;3;4;4;3;2;4;2;4;2;4;4;4;4;2;4;4;4;3;4;1;3;4;4;4;4;2;4;5;5;4;2;2;2;4;2;4;4;3;4;4;4;4;4;5;5;3;3;4;4;4;2;4;4;4;4;4;4;4;2;4;5;2;5;4;2;3;1;5;5;4;2;3;4;4;4;4;2;4;2;4;4;4;2;3;4;0;1
10020037;3;5;2;3;3;3;2;3;1;3;2;5;2;3;4;2;3;5;2;2;4;4;4;2;3;3;4;5;2;5;2;4;2;4;3;2;2;4;3;5;3;1;4;3;2;2;3;2;3;1;3;2;3;4;5;3;5;3;3;2;2;3;3;1;3;2;3;4;2;2;2;4;2;4;1;5;3;3;4;5;4;4;3;2;2;3;3;2;5;3;4;4;1;3;3;3;3;3;3;5;2;3;2;5;2;2;3;4;3;3;4;0;1
10020039;3;2;1;5;5;5;2;5;5;5;5;5;5;1;5;1;1;4;5;5;5;5;5;4;4;3;1;3;5;5;2;4;2;5;5;3;5;5;4;2;3;5;3;2;4;2;3;5;2;5;5;1;5;5;5;2;5;3;3;3;2;5;5;5;4;3;5;5;3;5;4;2;2;4;5;5;1;5;5;5;4;5;4;2;1;4;5;3;5;5;3;5;1;5;5;4;4;3;4;5;3;3;2;4;1;5;5;4;3;4;3;0;1
10020041;3;5;5;4;3;5;3;5;3;5;5;2;3;2;4;3;1;5;5;3;1;4;5;3;2;3;3;2;2;2;4;4;4;4;4;2;2;5;3;3;4;4;4;4;2;2;4;2;3;3;4;1;5;5;5;4;3;4;3;4;3;3;5;2;2;3;5;4;4;3;2;2;2;4;3;3;1;3;4;3;3;4;3;2;3;4;5;2;3;3;2;3;2;5;4;2;2;4;4;4;4;4;2;4;2;3;2;4;3;3;3;0;1
10020042;3;3;2;2;2;4;3;4;3;3;3;5;2;2;3;2;3;3;3;3;2;2;3;3;2;3;3;3;3;3;2;4;2;4;4;3;3;4;3;3;3;2;4;3;3;3;3;4;4;3;3;3;3;3;3;3;3;3;3;2;2;4;2;4;2;3;3;2;2;3;2;4;3;4;4;2;3;3;2;3;3;5;3;3;4;3;3;3;4;4;3;4;3;4;3;4;3;4;3;3;1;3;3;3;2;2;4;3;2;3;3;0;1
10020044;3;1;3;3;4;5;3;4;5;2;5;2;1;2;4;1;5;5;2;4;3;4;4;3;5;4;3;2;4;3;3;3;2;3;5;2;3;5;2;2;2;3;3;2;3;2;2;2;3;1;4;4;5;4;5;2;3;2;3;3;3;5;4;5;2;3;5;5;4;5;5;3;1;4;4;4;2;3;2;2;3;5;3;4;2;5;4;2;4;3;3;2;1;3;5;3;2;3;3;3;4;2;1;3;3;5;2;4;3;4;3;0;1
10020045;4;1;2;4;4;5;4;4;1;4;4;2;2;3;4;2;3;4;2;3;4;4;4;2;3;4;4;3;3;4;4;4;2;4;3;3;4;4;4;3;3;3;4;3;3;3;3;2;2;2;4;2;4;4;2;4;2;2;2;3;3;4;4;2;2;4;4;3;2;4;2;2;3;2;4;2;2;4;4;3;3;4;3;3;3;4;4;2;2;3;3;3;2;2;4;3;3;2;4;4;2;2;3;3;3;2;2;3;4;3;4;0;1
10020046;3;3;3;3;2;3;2;3;2;3;3;4;2;3;3;3;2;3;2;3;3;3;3;3;3;3;3;3;3;3;3;4;3;3;3;3;2;4;3;3;4;3;3;3;3;3;3;3;3;3;3;2;3;3;3;3;3;3;4;3;3;3;4;3;4;3;3;3;2;3;2;3;3;4;2;3;2;3;3;2;3;3;3;4;2;4;4;2;4;2;3;3;3;3;4;5;2;4;4;3;2;4;2;4;3;3;3;3;3;3;3;0;1
10020049;5;4;1;3;3;3;3;3;3;3;3;2;3;3;4;2;2;4;3;3;5;1;3;3;3;5;4;5;2;4;2;5;3;4;5;3;3;3;5;2;5;2;2;3;4;2;5;3;4;2;3;2;3;3;3;2;4;2;3;3;1;3;4;3;2;5;5;4;4;3;3;4;3;3;3;4;2;4;4;3;3;5;3;2;2;3;4;5;4;4;3;2;3;4;3;5;1;4;3;5;4;3;2;5;4;3;4;4;3;3;4;0;1
10020050;4;3;2;4;5;4;3;4;4;4;4;3;4;4;4;2;1;4;4;2;4;4;4;4;3;4;4;4;4;4;2;4;2;4;2;3;4;4;4;3;2;4;5;3;4;4;3;4;3;3;4;4;4;4;4;4;5;1;3;4;2;4;4;1;4;3;5;4;4;3;2;4;5;4;3;4;3;4;4;4;2;2;4;4;3;3;4;1;4;5;5;5;2;4;5;4;4;4;4;4;4;4;1;5;4;1;5;4;4;2;4;0;1
10020054;4;3;2;4;4;2;4;5;2;4;2;4;1;4;4;3;2;2;1;4;1;3;4;4;4;3;4;4;2;4;2;4;2;3;5;4;3;4;4;4;3;2;4;4;3;2;4;1;4;1;4;2;4;4;4;3;2;4;4;3;2;4;4;3;1;5;4;4;3;2;1;3;1;4;2;5;3;4;4;2;4;5;4;4;4;3;4;2;4;3;5;4;4;2;4;4;4;4;2;3;2;4;2;4;1;3;3;2;2;3;4;0;1
10020056;4;1;2;3;3;5;4;4;4;4;5;1;4;1;4;2;5;3;5;4;2;3;4;5;3;4;3;2;4;4;2;4;3;5;5;2;2;5;4;3;3;4;3;2;3;2;2;4;3;4;4;2;4;5;5;5;2;3;3;3;3;3;5;3;3;3;5;3;3;4;2;3;3;4;5;3;2;4;3;2;4;5;3;3;1;4;5;2;3;3;1;2;1;5;5;3;4;2;5;5;3;3;4;4;3;2;5;3;3;3;3;0;1
10020057;4;5;3;3;5;2;3;3;3;5;2;2;3;1;4;2;1;3;3;5;5;5;4;3;3;2;3;3;3;3;4;3;2;4;4;3;3;3;4;3;1;2;4;4;3;2;1;5;2;1;3;2;4;4;5;4;2;2;3;3;4;3;3;3;1;2;1;4;2;2;3;2;2;3;1;4;2;4;4;4;3;5;3;3;2;2;3;2;4;3;3;3;2;3;3;2;2;2;4;3;3;3;2;3;2;2;2;4;3;3;4;0;1
10020058;4;4;3;3;2;2;2;3;1;4;1;3;2;2;3;4;3;4;1;3;5;3;4;1;1;2;3;2;2;4;3;2;2;3;3;2;2;3;2;4;2;2;3;2;3;3;5;2;3;2;2;2;3;2;2;1;4;3;2;3;2;4;5;2;2;3;1;3;2;2;5;3;1;3;2;5;1;2;4;3;3;5;4;3;2;2;2;4;4;2;1;4;2;3;3;3;3;3;3;5;3;2;2;2;1;2;2;2;3;2;2;0;1
10020059;3;3;3;3;3;3;3;2;3;3;3;5;2;2;4;2;3;3;3;3;5;3;4;3;3;3;2;3;3;4;4;3;2;3;3;3;3;3;3;4;2;2;2;2;3;2;3;2;2;4;3;3;4;3;4;3;3;3;3;3;3;3;3;3;2;2;2;3;3;3;2;3;3;3;3;3;2;3;3;2;3;5;3;3;2;3;4;3;2;3;2;2;2;3;3;2;2;2;3;4;3;3;3;3;3;2;3;3;3;2;3;0;1
10020060;3;1;1;3;4;5;5;4;5;5;5;1;4;5;5;4;1;2;5;2;2;2;5;5;3;5;5;4;5;3;2;4;5;5;2;4;2;5;4;2;3;5;5;4;2;1;4;4;5;5;3;2;2;5;5;4;3;2;4;3;2;2;4;4;5;5;5;5;5;5;1;2;5;3;1;5;2;4;5;2;3;5;5;2;1;5;3;3;4;5;3;1;2;4;5;5;3;5;5;5;2;5;4;5;4;3;5;4;1;4;5;0;1
10020061;4;2;3;4;4;4;3;2;1;3;2;2;1;3;3;2;1;3;1;1;2;2;3;4;2;3;3;4;3;2;4;3;2;4;2;4;2;4;3;2;3;3;4;2;2;2;1;4;3;1;3;2;3;4;4;3;2;4;4;3;2;3;3;1;2;2;2;3;3;3;1;3;3;4;2;3;3;3;3;4;2;4;2;4;2;4;4;2;4;2;4;3;2;2;3;3;3;2;3;4;3;3;2;3;3;1;3;3;3;3;3;0;1
10020062;4;2;2;4;4;3;4;3;4;3;4;5;2;3;3;2;1;5;2;4;2;2;4;4;2;5;4;4;2;5;3;2;2;5;3;2;2;3;2;1;3;3;5;3;1;5;3;2;2;2;3;3;3;2;1;2;4;4;3;3;1;3;4;3;3;4;4;4;3;3;2;4;1;3;3;2;2;3;4;4;3;5;4;5;3;4;4;1;5;5;2;4;3;3;3;5;3;4;4;3;2;4;1;3;1;3;3;3;1;3;3;0;1
10020063;5;2;2;4;5;3;3;5;3;5;5;5;1;4;5;1;5;3;1;5;2;5;2;5;2;5;4;5;5;5;1;3;1;5;3;1;3;5;4;1;3;5;5;4;3;2;2;4;3;2;4;2;4;5;4;4;3;2;3;4;5;5;3;3;5;2;3;5;4;3;4;3;3;4;4;4;2;2;4;4;4;5;5;4;1;3;5;2;4;5;3;3;3;3;5;4;5;5;4;3;3;3;3;5;1;3;5;5;5;4;4;0;1
10020064;5;2;1;5;4;5;4;4;5;5;5;1;3;3;4;1;4;5;4;5;2;3;4;3;4;4;4;3;3;5;1;5;1;4;5;2;3;5;4;4;5;3;4;4;4;2;4;2;4;2;5;2;5;5;5;4;5;2;4;4;2;5;5;5;3;4;5;4;4;5;5;2;3;4;3;4;2;4;5;3;4;5;3;4;1;5;5;4;4;5;2;4;1;4;5;4;3;3;4;5;4;3;3;5;2;5;3;4;3;4;4;0;1
10020069;4;3;2;4;1;3;4;4;2;5;4;2;3;5;4;1;1;5;3;1;4;5;4;2;3;4;2;3;3;2;5;3;3;3;3;3;2;5;3;2;3;2;2;3;3;3;3;4;2;3;4;4;4;5;5;3;4;5;2;3;4;5;4;4;2;2;1;4;1;3;1;2;5;4;3;2;2;4;3;3;2;4;4;3;4;3;2;2;1;2;4;5;4;4;4;3;2;1;3;4;4;3;2;3;2;1;4;3;4;3;3;0;1
10020070;4;2;2;4;3;4;3;4;4;4;4;3;4;4;4;2;2;4;4;3;3;4;4;4;4;3;4;3;4;4;3;4;3;4;4;3;3;4;3;2;4;4;4;3;4;2;2;4;4;4;4;2;4;4;4;3;4;2;4;3;2;4;4;4;5;4;4;3;4;4;3;2;3;4;3;4;2;4;4;4;4;5;4;3;2;4;4;3;4;4;3;2;2;4;4;3;3;3;4;4;3;4;2;4;2;3;4;4;4;4;4;0;1
10020071;4;1;2;4;5;4;3;2;4;5;5;3;3;2;3;1;3;3;3;5;3;3;3;3;4;4;2;4;4;2;2;3;2;4;4;4;3;4;4;3;2;3;5;4;4;1;3;2;3;3;4;2;4;4;2;4;4;2;3;4;2;5;3;5;2;2;3;5;4;4;2;2;3;4;3;2;2;5;4;3;4;5;3;5;3;3;5;3;5;4;2;3;2;4;5;4;3;4;5;3;3;4;2;3;1;5;4;4;3;4;4;0;1
10020072;5;1;1;5;5;5;5;4;5;5;5;5;5;1;5;1;4;5;5;5;1;5;5;4;3;5;5;5;5;5;5;5;1;4;5;1;1;5;5;1;5;4;5;3;3;1;3;5;4;3;5;1;5;5;5;4;4;2;5;5;1;5;5;4;3;1;5;4;4;5;1;1;3;4;1;4;1;4;5;4;3;5;5;3;2;5;4;2;4;5;2;4;2;5;5;2;2;3;4;4;3;4;1;4;2;4;2;4;5;4;4;0;1
10020075;5;5;1;5;5;5;4;4;5;4;5;2;5;1;5;1;2;2;5;5;3;4;4;2;4;5;5;5;4;5;2;4;2;5;5;3;4;5;4;1;4;1;5;4;4;3;2;5;4;4;5;2;5;5;5;3;5;1;3;5;2;5;4;5;2;2;5;4;3;4;5;5;1;4;3;3;2;4;5;4;4;5;2;5;3;3;5;2;5;5;2;3;2;5;5;5;4;4;5;4;3;4;1;4;1;3;4;4;2;4;4;0;1
10020077;5;1;1;5;3;5;5;5;5;4;5;5;5;2;5;5;1;4;5;4;3;2;4;5;4;5;5;4;3;5;3;5;3;4;5;3;3;5;4;2;5;5;5;4;4;2;2;5;4;5;5;3;5;5;5;4;5;3;4;3;1;5;5;4;5;4;5;5;5;3;5;2;2;5;5;5;3;5;4;3;5;5;4;4;5;3;5;2;2;4;2;2;5;2;2;3;4;4;2;5;2;3;4;4;1;3;3;3;1;3;1;0;1
10020078;4;3;2;1;1;3;3;2;3;1;2;2;3;4;1;4;2;3;3;3;3;3;3;3;2;4;4;4;4;4;3;3;3;3;2;3;2;2;5;2;2;4;1;1;1;4;3;3;3;3;3;3;2;3;2;2;4;3;2;4;2;3;3;4;3;4;3;4;3;2;2;3;3;1;2;2;3;2;4;2;3;4;2;3;3;3;3;3;3;3;2;3;5;4;1;3;3;2;3;4;1;5;1;5;3;1;2;1;3;2;3;0;1
10020079;5;4;2;3;5;4;2;4;4;5;3;3;3;2;4;2;1;4;3;5;3;3;4;1;4;4;4;4;4;4;5;4;2;4;3;3;2;5;2;4;3;2;4;3;4;3;3;3;4;4;3;2;4;5;4;3;4;4;3;4;1;3;5;3;1;3;3;5;3;2;2;3;5;4;2;3;4;3;5;4;4;5;4;5;3;3;5;2;4;3;3;4;2;3;5;5;4;4;4;4;4;3;1;4;2;1;5;4;4;4;4;0;1
10020081;4;1;1;4;4;3;4;4;3;4;4;3;2;4;3;2;3;4;2;4;4;4;4;4;4;4;3;4;4;4;2;4;1;4;3;4;3;5;3;2;3;4;4;2;3;4;2;5;3;2;4;2;5;4;4;4;4;4;3;4;2;4;4;3;2;3;2;5;4;3;4;2;2;4;4;3;2;4;4;4;4;5;4;4;3;4;5;3;4;5;4;2;2;3;4;4;4;2;4;4;3;5;3;4;1;3;3;3;3;3;3;0;1
10030002;4;2;3;4;4;4;4;3;2;4;4;5;3;3;4;2;2;3;2;4;3;4;3;2;4;4;4;3;5;3;4;5;3;4;5;2;4;4;4;3;4;3;3;2;4;2;3;1;3;3;4;3;3;4;4;4;3;3;5;5;2;4;4;4;2;5;5;5;4;3;2;4;4;4;2;5;2;5;4;4;4;4;3;4;2;3;4;2;5;4;2;3;2;2;5;3;3;5;5;5;3;5;3;5;3;3;3;4;3;4;4;0;1
10030003;5;2;2;5;5;5;3;3;3;5;3;3;3;5;5;1;4;5;3;4;5;3;5;3;4;5;5;4;4;4;3;4;1;4;4;4;4;4;5;3;5;4;5;3;3;3;3;4;5;3;5;1;5;3;4;4;3;3;4;4;1;5;5;3;5;5;4;4;3;3;2;2;4;4;3;5;1;4;4;4;4;5;5;3;2;4;4;2;5;4;3;2;5;4;5;4;3;4;4;5;4;4;1;5;5;4;5;5;4;4;5;0;1
10030005;5;1;2;5;4;4;5;5;2;5;4;1;1;3;5;1;2;3;2;5;1;2;4;3;4;5;5;5;5;5;2;5;2;5;4;1;2;5;4;2;5;4;5;4;3;1;2;5;5;2;5;2;5;5;4;4;4;4;4;4;2;5;4;3;5;5;5;5;5;5;4;2;3;4;5;5;1;4;5;4;4;2;5;4;2;5;5;2;5;5;3;1;1;3;5;3;2;4;5;5;4;5;2;4;5;4;3;5;2;5;4;0;1
10030006;4;3;1;3;4;5;2;5;3;5;5;5;5;1;4;1;3;3;5;4;4;4;5;3;4;5;2;3;4;5;3;3;1;5;3;3;3;5;4;1;2;4;5;3;2;2;2;5;2;3;4;2;4;5;4;3;4;4;2;3;1;5;4;3;4;1;5;3;2;5;3;2;5;3;1;2;2;4;5;3;5;2;2;4;2;3;5;1;5;5;3;2;1;5;5;3;2;2;4;5;2;5;2;3;4;4;5;4;2;5;4;0;1
10030008;4;2;1;4;4;5;4;3;3;4;4;1;3;3;4;1;3;4;4;4;3;3;3;3;3;4;4;3;4;4;2;4;4;4;3;3;3;4;3;3;4;3;4;3;5;3;3;1;3;3;3;3;3;5;5;3;4;3;2;3;2;5;5;4;2;4;5;4;5;5;5;3;3;3;4;5;2;4;3;3;4;1;5;2;2;4;5;3;5;5;2;2;2;4;5;3;5;3;2;4;4;5;3;4;5;3;3;3;3;3;3;0;1
10030011;5;2;1;5;5;4;5;4;2;5;4;1;2;2;5;1;4;5;2;4;2;2;5;3;4;3;3;3;5;4;4;5;2;5;5;3;3;5;5;2;4;4;5;3;2;2;2;3;3;2;5;3;5;5;5;4;3;3;4;4;1;5;5;5;4;3;3;4;3;2;4;3;2;4;4;4;2;5;4;4;4;4;4;3;2;5;4;2;4;1;4;2;1;2;5;2;2;4;4;5;3;4;4;4;2;3;5;4;4;4;4;0;1
10030012;5;5;1;1;5;5;3;1;3;5;2;2;2;3;5;4;1;5;4;5;5;4;3;3;1;5;3;3;2;3;1;5;2;4;4;3;4;5;4;3;4;4;4;3;4;4;4;5;5;5;5;1;5;5;2;4;5;2;3;3;3;4;4;3;2;4;3;3;4;2;3;3;2;5;2;5;2;5;2;5;5;1;4;4;2;5;3;1;3;4;3;4;1;3;4;1;4;5;4;5;4;4;4;4;3;2;5;4;3;4;4;0;1
10030013;2;2;1;4;5;3;4;5;1;4;4;4;1;3;4;1;1;4;1;4;5;4;4;1;2;5;4;4;5;5;5;5;3;5;5;4;5;5;3;1;5;1;5;3;5;4;3;5;4;1;5;2;5;5;3;3;5;4;5;2;1;5;4;3;2;5;5;5;2;1;2;3;2;4;1;4;1;3;4;3;3;4;4;3;1;4;3;1;4;1;4;2;4;1;5;3;4;2;3;4;2;5;2;3;3;2;2;2;3;3;4;0;1
10030017;5;2;1;4;4;4;5;4;3;4;4;2;2;4;3;1;5;5;2;3;4;2;3;4;3;4;4;4;4;4;2;5;3;4;5;3;2;5;4;4;4;4;4;3;3;2;3;3;3;2;4;2;4;4;3;3;2;3;4;4;2;4;4;4;4;4;4;4;4;4;4;2;2;3;2;4;2;4;4;4;4;4;4;3;2;4;4;2;4;4;4;2;2;3;3;4;3;3;4;4;2;4;2;4;4;3;3;4;2;3;4;0;1
10030018;4;5;1;5;3;5;3;5;2;4;4;2;2;4;4;2;1;5;2;4;2;3;5;3;4;5;3;3;4;5;3;4;4;5;5;2;2;5;4;2;3;4;4;2;3;2;3;5;4;3;5;2;5;5;4;4;3;4;4;3;4;5;5;5;2;3;3;4;3;3;5;2;3;4;4;5;2;4;4;5;5;2;4;4;1;4;5;3;5;5;2;2;1;4;5;3;4;2;4;5;4;4;3;4;4;3;3;4;2;3;4;0;1
10030019;5;3;1;4;4;5;3;3;4;5;3;1;5;1;4;3;5;5;5;4;4;4;4;1;5;4;3;5;5;5;2;3;1;4;5;2;3;5;4;4;3;1;5;4;4;2;3;1;4;3;4;2;4;5;4;3;4;3;3;4;2;4;3;4;1;4;4;4;4;2;1;2;2;4;4;5;2;4;5;4;5;5;4;4;2;4;4;3;4;5;1;3;2;5;4;4;2;3;4;4;3;2;3;4;2;3;4;4;2;4;4;0;1
10030021;3;1;1;5;4;5;3;4;4;5;5;1;3;3;4;1;5;5;4;4;1;3;5;5;3;5;4;4;4;5;2;5;1;5;5;4;3;5;4;2;3;5;3;3;3;2;2;5;3;3;5;1;5;5;3;3;4;3;3;5;1;5;5;5;4;5;5;5;3;5;2;1;2;4;4;5;2;4;4;4;4;3;4;4;1;4;5;1;3;4;3;2;1;4;5;5;3;4;5;5;3;5;2;4;4;2;5;4;3;3;4;0;1
10040007;4;1;1;4;4;5;3;5;4;3;5;1;5;4;3;1;5;3;5;3;1;3;3;4;5;4;3;4;3;3;1;2;2;4;4;1;4;5;4;2;3;3;3;3;5;1;2;4;4;4;5;1;5;5;3;3;4;1;3;3;2;5;3;5;5;3;5;4;4;3;3;2;1;3;5;5;1;5;3;5;4;1;4;3;1;4;5;2;4;5;1;3;2;5;5;4;3;3;3;3;1;5;2;3;4;3;2;3;2;3;4;0;1
10040008;4;2;2;4;3;4;3;5;2;3;4;3;2;2;4;2;2;4;2;4;3;2;4;4;3;3;2;4;3;5;1;4;2;4;4;3;3;5;4;3;2;3;3;3;2;2;3;2;2;2;4;2;4;5;4;4;4;4;3;3;1;4;4;2;3;3;4;3;3;4;4;2;2;4;4;4;2;3;4;4;4;5;2;4;1;3;5;1;4;4;2;3;1;3;5;4;2;2;4;3;3;2;1;4;3;2;2;4;3;3;4;0;1
10040010;4;3;2;4;3;4;3;4;4;3;3;5;3;4;3;2;3;3;3;3;2;2;3;3;2;3;4;3;3;4;2;4;1;5;4;2;1;5;2;3;4;5;4;2;2;3;1;2;4;4;4;2;5;5;3;2;3;2;3;3;2;5;4;4;5;4;4;3;3;4;3;5;3;2;5;3;2;2;4;5;3;1;3;4;4;4;5;3;5;4;1;3;2;4;5;4;4;3;3;3;3;4;2;2;1;1;5;3;4;3;3;0;1
10040013;3;1;4;5;3;5;3;5;4;3;5;1;4;2;5;1;5;2;4;4;1;4;5;3;3;4;4;1;1;2;1;2;2;4;5;4;3;5;4;3;3;3;3;5;3;2;4;3;5;4;5;2;5;5;5;3;4;2;5;3;3;4;5;4;2;5;5;4;3;3;2;3;3;3;3;5;3;5;4;3;4;3;4;4;1;5;4;2;4;5;3;2;1;4;5;4;4;5;3;4;4;4;4;4;3;4;3;4;3;3;4;0;1
10040014;4;2;1;5;4;5;3;3;4;4;4;4;5;2;3;1;5;4;5;5;2;3;4;4;4;4;2;3;3;3;2;5;1;3;5;1;4;5;4;1;3;5;3;2;3;2;2;2;3;4;5;2;5;4;4;4;3;1;4;4;2;5;5;5;4;4;4;3;5;3;2;1;1;3;4;5;2;4;3;3;3;3;2;3;2;3;4;2;4;4;3;4;1;5;5;3;3;4;3;3;4;5;2;4;2;4;5;3;3;4;3;0;1
10040016;5;2;1;5;5;5;3;5;4;5;5;1;4;4;5;1;5;5;5;5;1;3;3;5;5;3;4;4;4;5;1;5;1;4;4;5;4;5;5;2;3;4;5;2;5;1;2;3;4;4;5;1;5;5;5;3;4;1;4;3;1;5;5;5;3;4;5;5;5;5;3;2;2;5;4;5;1;4;3;3;4;3;3;4;1;4;5;2;5;5;4;3;3;5;5;2;3;5;4;4;3;4;1;4;3;3;2;4;3;4;4;0;1
10040017;4;2;2;4;4;4;3;4;4;4;4;1;4;2;4;2;4;4;3;4;2;2;4;4;4;4;3;3;3;4;2;4;2;4;4;4;3;4;4;2;4;4;4;3;4;2;2;3;3;4;4;2;4;4;4;4;4;4;4;4;2;4;4;4;4;4;4;4;4;4;3;2;2;4;4;4;2;4;4;4;4;4;3;4;2;4;4;2;4;4;4;2;2;4;4;4;2;4;3;4;4;4;2;4;4;4;4;4;3;4;4;0;1
10040020;4;3;1;4;5;3;2;3;2;3;2;2;2;2;4;2;5;5;2;3;3;3;4;3;3;3;3;3;3;3;3;5;3;5;5;2;3;4;4;4;4;2;4;4;4;2;3;1;3;3;4;3;4;4;3;3;3;3;4;5;1;5;5;4;1;3;2;5;2;3;2;3;2;4;2;3;2;5;4;3;4;2;4;5;2;3;4;3;5;5;1;3;2;4;5;3;1;5;5;4;4;3;1;5;3;5;4;5;3;3;4;0;1
10040023;4;3;3;3;2;3;3;4;4;3;3;1;5;3;3;2;4;3;5;3;2;2;3;3;3;3;3;2;3;3;2;4;2;4;4;3;3;5;3;3;3;3;3;2;3;2;2;5;3;4;3;2;3;4;4;2;3;2;2;3;2;3;3;3;3;3;2;2;2;3;2;2;2;3;2;3;2;3;3;3;2;3;3;3;2;3;3;2;2;2;3;3;2;3;3;2;2;2;3;3;3;3;2;3;2;2;2;3;3;2;2;0;1
10040028;4;3;4;4;3;4;4;4;3;2;3;1;1;4;2;3;3;2;1;2;2;3;3;2;3;3;4;4;3;3;3;4;3;4;3;3;2;4;3;3;3;2;4;3;3;3;3;2;4;2;3;2;3;4;4;3;4;3;4;3;3;2;3;2;1;4;3;3;4;1;2;2;2;4;3;4;3;4;4;2;3;1;3;3;2;4;3;3;4;4;3;3;4;2;4;3;3;3;3;5;4;2;3;4;3;3;2;2;3;2;3;0;1
10040029;4;3;1;4;3;5;4;5;5;3;5;1;3;2;3;1;2;3;4;3;1;3;4;5;3;5;4;3;3;5;2;4;2;4;5;4;3;5;3;2;4;4;3;3;3;2;3;3;2;3;5;1;5;5;3;4;3;1;3;3;2;5;5;5;5;4;5;4;4;5;3;1;3;3;5;5;1;4;5;5;4;5;5;1;1;4;5;3;5;5;3;2;1;5;5;3;3;4;3;5;3;5;1;3;2;5;3;4;3;5;4;0;1
10040038;3;3;1;1;3;3;3;3;3;3;3;3;3;3;3;3;3;3;3;3;3;3;3;3;3;3;3;3;3;3;3;5;5;3;3;3;3;5;4;4;3;3;3;3;3;3;3;3;3;3;3;3;3;3;3;3;3;3;3;3;2;4;2;3;3;3;3;3;3;3;3;3;3;3;3;3;3;3;3;3;3;3;3;3;2;3;4;1;1;3;3;3;3;4;1;4;1;5;2;3;4;2;3;4;3;3;2;3;3;3;3;0;1
10040039;4;2;1;4;4;5;5;4;3;5;4;1;1;4;4;1;4;4;1;4;4;5;4;4;5;4;3;4;5;5;2;5;3;5;5;3;4;5;5;2;5;4;4;4;5;3;3;5;4;4;5;2;4;5;5;4;4;5;4;4;2;5;5;4;2;4;5;5;4;2;4;2;1;4;4;4;2;4;3;4;4;1;4;4;3;4;5;2;4;4;3;2;2;1;5;5;4;5;4;4;4;4;2;5;3;5;2;4;4;4;4;0;1
10040040;4;1;1;5;5;5;3;4;5;4;5;1;4;3;5;1;4;4;5;5;2;3;4;5;5;4;3;4;4;5;1;5;2;5;5;3;4;5;4;2;4;5;5;5;5;2;3;5;4;4;5;1;5;5;5;4;5;1;5;4;1;5;5;5;4;5;5;5;5;5;5;2;2;4;5;4;1;5;5;3;5;2;4;5;1;5;5;2;5;5;3;3;1;5;5;5;3;5;4;3;4;5;2;5;4;5;5;5;1;4;5;0;1
10040041;3;4;2;3;3;3;3;1;1;4;1;1;1;1;4;3;2;3;1;3;3;4;3;1;2;3;1;2;4;3;4;3;3;3;3;2;3;2;3;3;1;1;3;2;3;3;4;1;1;1;1;3;1;5;2;3;3;1;2;2;2;2;2;3;1;3;1;4;3;1;1;3;1;4;1;4;1;3;5;3;5;5;4;2;2;2;5;3;2;2;1;1;1;1;1;2;3;2;4;4;2;2;3;2;2;4;4;3;3;5;5;0;1
10040045;4;3;2;4;3;2;1;1;4;3;3;5;3;3;4;1;5;3;3;3;1;5;2;3;4;4;4;2;3;4;2;2;1;4;4;4;4;3;3;1;2;4;3;1;3;2;1;5;2;4;3;1;3;1;1;4;2;1;4;3;3;5;4;4;4;4;3;3;2;3;4;3;1;4;3;3;1;4;3;4;3;5;5;3;2;3;4;2;4;5;2;5;3;5;3;3;5;4;3;2;3;4;2;3;2;2;2;4;3;3;4;0;1
10040046;4;4;2;4;4;4;5;4;3;4;4;2;3;4;4;2;5;4;2;4;2;2;2;4;5;5;3;4;4;3;4;4;2;4;5;2;4;4;4;3;4;4;3;3;3;2;5;4;5;3;4;2;4;4;4;2;2;2;4;4;1;4;3;4;3;4;4;3;2;3;2;2;1;4;4;3;2;4;4;3;4;5;3;4;1;3;5;3;4;2;4;4;2;3;3;3;2;3;2;5;3;4;4;4;5;5;4;4;1;5;3;0;1
10040047;4;2;2;5;3;5;4;4;5;4;5;3;4;2;4;1;3;4;5;4;4;3;4;5;5;4;4;3;4;4;3;4;2;4;4;3;3;5;4;2;3;4;4;3;4;3;3;4;3;5;5;3;5;5;5;4;4;2;3;3;2;5;4;4;5;4;5;4;3;5;3;2;3;4;5;5;3;4;4;4;4;5;4;4;2;4;5;2;5;5;3;3;1;5;5;2;3;2;5;4;4;4;2;4;2;4;5;4;3;4;3;0;1
10040048;4;2;4;5;4;3;3;5;4;3;4;4;4;3;3;3;5;4;2;4;5;4;3;4;3;2;3;5;3;3;4;4;3;2;5;3;2;3;4;4;2;3;3;2;4;3;2;2;5;4;4;3;3;4;3;2;3;3;2;3;3;3;3;4;3;2;3;3;4;3;3;3;3;3;2;4;4;4;2;5;4;4;4;4;2;4;5;2;4;4;3;2;2;4;4;3;3;4;3;5;4;5;3;3;4;3;3;2;3;4;3;0;1
10050001;4;2;2;3;3;4;3;3;3;3;3;1;3;2;4;2;4;4;3;4;3;2;4;2;4;4;3;3;4;3;2;4;2;4;3;2;3;4;4;3;4;2;3;2;3;3;3;2;3;2;4;2;4;5;2;3;3;3;4;4;3;4;4;3;2;4;5;3;4;3;4;2;4;4;3;3;2;3;4;3;5;3;3;4;4;4;4;3;3;3;3;2;2;3;4;3;2;3;3;4;3;4;2;3;2;3;3;3;3;4;4;0;1
10050003;2;4;3;3;5;4;2;2;4;3;5;2;2;1;1;3;4;2;4;3;5;4;3;2;1;5;2;1;5;4;1;3;4;5;5;4;3;3;3;5;3;5;2;5;3;5;5;2;3;4;3;5;3;3;2;2;5;5;3;3;5;5;5;3;2;3;4;5;5;3;5;2;2;1;4;5;5;3;4;5;4;1;4;4;5;3;4;2;5;5;5;4;4;5;2;4;4;3;2;3;2;5;3;5;5;2;3;2;5;2;3;0;1
10050010;3;2;4;2;3;2;3;4;4;3;4;3;3;3;3;2;5;2;3;2;2;3;2;3;4;3;4;5;1;2;5;3;3;2;3;3;1;1;3;2;3;5;2;1;1;2;3;1;5;2;5;3;1;1;3;3;5;2;3;4;3;3;3;4;5;5;4;3;3;4;3;3;4;2;1;3;3;2;2;3;1;2;2;3;4;4;3;2;5;5;4;1;1;5;4;5;3;4;3;3;3;4;4;3;3;3;4;3;3;5;5;0;1
10050011;5;5;2;4;4;4;5;3;5;5;5;4;5;2;4;2;5;3;5;5;3;1;5;5;5;4;2;5;4;5;1;4;2;4;4;3;3;4;3;2;3;4;5;3;2;3;3;3;3;2;5;2;4;4;3;5;3;2;4;4;2;4;4;5;3;4;4;4;3;5;5;2;2;4;3;5;3;3;5;5;5;3;3;4;1;4;5;1;5;5;4;4;2;5;5;3;2;2;4;4;2;3;1;4;2;4;3;3;4;4;4;0;1
10050014;3;2;2;3;2;3;3;2;2;3;3;2;2;2;3;2;3;3;2;3;3;3;3;2;3;3;3;3;3;4;3;3;2;3;3;3;3;3;3;2;3;3;2;3;3;3;2;2;3;2;3;2;3;3;2;3;3;3;3;3;2;3;3;3;2;2;3;3;3;3;3;2;3;3;3;3;2;3;3;2;2;2;3;3;2;4;3;2;3;3;2;2;2;2;4;3;3;4;3;3;3;3;2;3;3;2;3;3;3;3;3;0;1
10050017;1;1;1;3;5;5;4;2;1;1;5;1;2;1;5;1;3;4;2;2;2;5;2;2;3;5;2;3;3;3;2;1;4;4;4;1;4;5;4;4;2;3;3;3;2;2;2;2;3;1;5;3;3;3;3;2;2;2;3;2;3;2;2;3;1;3;5;2;2;5;3;3;5;3;3;1;2;3;3;3;3;4;2;3;3;2;5;3;3;3;2;3;3;4;4;3;4;3;2;3;3;3;5;4;3;3;4;3;2;3;4;0;1
10050020;3;3;3;3;2;3;3;4;2;2;3;3;3;2;3;2;1;3;3;2;3;3;1;3;4;3;3;3;3;3;3;4;3;2;4;2;2;2;3;3;1;5;2;4;3;4;4;1;5;3;4;2;3;2;3;4;3;4;3;3;3;5;2;5;3;4;3;2;3;4;4;4;3;2;3;2;3;3;3;2;3;4;3;5;5;5;5;5;3;5;5;5;2;5;4;3;5;3;2;4;3;5;3;5;5;3;3;4;3;5;3;0;1
10050021;4;4;2;3;4;4;4;3;4;4;3;3;3;4;4;4;5;5;5;4;3;4;3;3;3;3;3;3;3;3;3;4;4;4;3;4;3;3;2;3;3;3;4;4;4;3;3;3;4;3;4;3;4;3;4;3;3;3;2;2;4;4;4;3;3;3;3;3;3;4;3;3;3;3;3;3;3;3;2;2;2;2;2;4;3;3;4;3;4;3;3;3;4;4;3;4;3;4;3;4;4;5;4;4;4;4;4;4;4;4;4;0;1
10050022;4;2;2;4;3;3;3;3;2;3;3;2;2;2;3;2;3;3;2;3;3;3;3;4;4;4;3;3;3;2;2;3;2;4;2;3;3;4;4;3;3;4;4;3;3;3;2;2;2;2;4;2;4;4;3;4;4;3;3;3;2;4;3;3;2;3;2;3;3;1;4;2;2;4;3;3;1;4;4;4;4;2;3;4;3;4;4;1;3;3;1;2;1;2;4;1;2;2;4;4;3;3;2;4;3;4;4;4;3;3;4;0;1
10050029;3;1;4;5;5;5;4;1;4;5;5;1;3;3;4;1;5;5;3;4;1;1;5;4;5;5;5;4;5;4;1;5;1;5;3;5;4;5;4;4;5;4;4;2;2;1;3;3;4;3;5;2;3;4;3;4;4;2;3;5;2;5;5;5;3;4;5;4;5;5;4;2;5;3;5;4;1;4;5;4;4;4;3;4;2;5;4;2;4;3;2;2;3;4;4;1;4;4;4;4;4;4;2;4;4;4;3;4;3;4;4;0;1
10050031;5;1;1;4;5;5;4;5;5;4;5;4;5;2;4;1;4;4;5;5;4;3;5;4;4;4;4;5;4;4;2;5;2;4;3;5;3;5;4;2;2;4;5;4;4;2;4;4;2;4;5;2;5;5;5;4;4;2;4;4;1;4;5;3;3;4;5;4;4;5;5;3;5;4;5;4;3;4;4;5;4;4;4;5;2;5;4;1;4;4;4;2;2;5;4;2;4;2;4;5;3;4;1;4;4;4;4;3;3;4;4;0;1
10050033;4;2;4;4;4;3;3;2;3;4;4;4;2;2;3;3;3;4;2;2;4;3;3;2;4;4;4;4;4;4;4;4;3;4;4;3;4;3;4;2;4;3;4;3;4;2;3;2;3;2;2;2;2;2;2;4;3;2;3;3;2;4;2;2;1;3;3;3;2;2;1;2;2;3;2;2;2;4;3;2;2;5;2;2;2;2;3;2;2;2;2;3;3;2;3;2;3;2;3;4;2;3;2;3;3;2;3;2;3;4;3;0;1
10050034;3;2;3;3;3;3;3;3;3;3;3;4;3;3;3;2;3;3;3;4;3;3;3;3;3;3;2;3;3;3;2;3;2;3;3;3;3;3;3;2;2;3;3;2;3;2;3;3;3;3;3;2;3;2;3;3;3;2;3;3;3;3;3;3;3;3;2;3;3;3;3;2;3;3;3;3;2;3;3;3;3;2;2;3;2;3;4;2;3;4;3;2;2;3;3;3;3;3;3;3;3;3;3;3;3;3;3;3;3;3;3;0;1
10050036;3;3;3;3;4;3;3;3;1;4;2;4;2;4;4;3;2;3;2;4;3;3;4;4;3;3;3;3;3;2;2;4;3;4;2;4;4;3;4;4;4;4;4;3;3;3;4;2;2;1;3;2;3;2;4;4;4;3;3;4;3;4;4;3;3;4;1;4;4;4;1;2;2;3;3;4;1;4;4;4;3;1;4;2;1;3;2;2;5;4;4;4;3;2;5;4;3;2;4;5;4;5;3;4;2;3;3;4;4;4;5;0;1
10050037;4;2;2;4;3;2;4;3;3;5;5;3;1;3;3;2;4;3;1;3;4;4;3;3;5;5;2;4;5;5;3;3;2;4;2;2;3;5;3;3;3;3;4;3;2;3;3;3;3;2;5;3;5;5;2;3;3;3;3;3;3;3;4;3;3;4;3;3;3;2;3;3;2;3;3;2;2;3;3;4;2;3;3;2;2;3;3;2;3;3;3;2;3;2;4;2;2;3;5;4;3;3;3;3;2;3;4;3;3;3;4;0;1
10050038;4;3;1;5;4;4;4;4;5;3;3;1;4;3;3;1;5;2;5;3;3;4;4;4;2;4;4;2;3;5;3;4;3;5;5;3;1;5;4;3;4;3;3;3;2;3;5;5;4;1;5;1;5;5;5;3;5;2;5;3;1;5;4;5;5;3;1;5;5;4;5;5;3;3;4;5;3;2;4;5;3;1;2;4;1;5;5;1;5;5;3;5;1;5;5;4;5;4;3;3;3;5;1;5;5;4;5;3;4;3;4;0;1
10050041;2;1;1;5;5;5;4;5;5;3;4;2;2;3;3;1;4;3;3;3;3;2;4;4;4;4;3;4;4;4;1;4;3;4;4;4;4;5;4;2;3;4;3;3;3;1;2;2;3;2;4;3;3;5;2;3;4;2;2;4;3;4;4;4;2;4;5;4;4;4;5;2;4;3;4;3;3;4;5;2;3;1;3;2;2;4;5;2;4;5;3;3;3;4;4;3;3;3;3;3;3;3;2;4;3;3;5;3;2;3;4;0;1
10050042;4;3;3;4;4;3;3;3;3;3;3;3;3;3;3;3;3;4;2;3;3;3;3;2;3;3;3;3;3;3;1;3;4;4;3;2;4;3;4;2;3;2;3;1;3;1;3;3;4;2;3;3;3;3;2;3;3;1;4;3;3;2;4;4;3;3;1;3;2;1;3;1;2;3;1;2;2;5;4;3;3;5;4;4;4;4;3;4;4;3;1;3;3;3;4;3;3;3;4;4;2;4;1;3;3;4;3;4;5;5;5;0;1
10050044;3;2;1;3;4;4;4;3;3;4;2;2;4;3;4;2;4;3;3;4;2;3;3;2;4;2;2;3;4;3;2;4;3;3;4;4;3;4;4;5;4;3;4;3;4;3;3;2;2;4;5;2;4;3;4;4;4;2;5;2;1;5;4;2;2;4;1;4;3;4;3;2;4;4;2;3;2;4;5;4;4;4;3;5;2;5;4;2;3;3;2;3;2;4;5;4;2;3;3;5;4;2;2;4;1;4;2;5;4;3;4;0;1
10050045;4;2;2;5;4;3;2;2;4;4;3;2;3;3;3;1;5;4;3;5;2;4;4;2;3;3;2;3;4;3;3;3;3;3;3;3;3;3;4;3;3;2;3;3;2;4;3;2;3;3;5;2;4;4;3;3;4;3;3;3;4;4;3;3;3;4;2;4;2;3;2;3;3;3;3;2;2;4;4;3;3;5;3;4;3;3;4;2;3;3;3;4;2;4;4;3;4;2;4;4;3;3;2;3;2;3;4;4;3;3;4;0;1
10050049;5;3;1;5;5;5;5;3;2;5;5;5;2;3;5;1;5;5;2;4;1;2;5;2;5;4;5;4;5;4;2;5;1;5;4;5;2;5;5;3;3;3;4;5;4;3;3;3;5;1;5;3;5;4;5;4;4;2;5;3;1;5;5;4;1;5;5;5;5;2;2;2;3;5;2;4;2;5;5;5;4;3;5;3;1;5;5;1;4;4;4;1;2;1;5;4;5;5;4;5;5;5;4;5;4;3;3;5;5;5;5;0;1
10050050;4;3;3;4;3;3;3;3;3;3;3;3;3;3;3;3;3;3;3;3;3;3;3;3;3;3;3;3;3;3;3;3;2;3;1;4;2;4;3;4;3;2;3;2;3;3;3;3;3;3;3;3;3;3;3;3;1;3;2;3;3;4;3;3;3;3;3;3;3;2;2;2;2;2;3;3;3;3;3;3;2;2;4;3;3;3;3;3;3;3;5;4;3;4;3;4;3;4;2;2;2;3;5;3;2;2;3;4;3;2;2;0;1
10050052;4;2;2;4;4;4;4;4;2;4;5;3;3;3;4;1;4;4;3;4;4;2;4;3;4;5;4;4;4;4;2;4;2;4;4;3;3;5;3;2;2;3;5;2;3;3;2;4;4;1;5;2;4;4;3;4;4;3;4;4;2;5;4;4;2;5;5;4;3;2;4;2;2;4;3;4;2;4;4;4;5;5;4;4;2;4;4;2;4;3;3;2;2;3;5;4;3;3;4;3;4;4;2;4;3;3;4;4;3;3;4;0;1
10050053;5;2;1;4;3;4;4;4;3;3;4;4;3;4;4;1;3;4;3;4;2;3;4;5;4;4;4;4;4;4;2;5;3;4;4;4;3;5;4;4;4;4;4;4;2;2;3;4;4;3;4;2;4;4;4;3;4;2;4;4;2;4;4;4;4;4;4;4;4;4;4;3;2;3;4;4;2;4;4;4;4;2;4;4;2;4;4;2;4;4;4;2;3;3;4;4;4;3;4;4;3;4;2;4;4;4;4;4;4;4;4;0;1
10050055;5;1;1;5;4;5;4;2;3;4;5;5;3;1;4;1;3;3;4;3;5;5;4;3;2;3;3;3;3;3;2;3;3;5;2;5;1;5;2;5;2;2;5;5;4;2;2;2;4;4;5;2;4;4;5;4;4;2;3;3;1;5;5;5;2;3;5;4;4;5;5;3;1;4;3;5;2;3;4;4;3;2;4;4;2;4;5;2;5;5;4;4;2;5;5;5;2;4;2;3;4;5;2;4;4;2;3;4;4;3;4;0;1
10060006;4;2;4;3;3;3;2;4;2;4;2;3;4;4;4;4;4;4;2;4;2;4;3;4;4;4;4;4;4;3;4;4;4;4;4;3;2;4;3;2;3;3;4;4;3;4;3;5;2;3;2;3;4;3;4;2;5;5;2;4;3;4;4;2;5;3;2;5;4;2;2;2;3;4;4;3;3;2;3;3;3;3;2;4;3;4;3;3;4;3;2;5;2;1;4;5;4;4;4;5;3;4;5;4;2;4;3;4;5;4;4;0;1
10060009;5;1;1;5;5;5;5;5;5;5;5;1;5;3;5;1;4;5;5;5;3;3;5;5;5;5;5;5;5;3;2;5;1;5;5;5;4;5;5;1;5;5;5;4;5;1;1;4;5;4;5;1;5;5;5;5;3;1;5;5;1;5;5;5;4;5;5;5;5;5;3;2;5;5;5;5;1;5;5;5;5;1;5;5;1;5;5;2;5;5;4;1;1;5;5;5;4;5;5;5;5;5;1;5;5;5;3;5;2;5;5;0;1
10060012;5;2;2;4;3;5;2;3;4;4;2;3;4;3;4;2;2;4;5;3;3;5;4;3;4;3;3;5;4;3;5;5;1;4;3;5;3;5;5;2;4;5;5;5;3;4;3;2;5;2;5;2;5;3;5;2;3;1;5;4;1;5;5;1;3;5;2;5;3;5;1;5;3;3;2;3;2;5;5;5;5;5;4;5;5;5;5;1;5;4;5;5;1;5;5;5;3;3;4;5;5;5;1;4;1;1;3;2;4;2;4;0;1
10060014;4;2;2;3;3;3;2;5;4;3;5;3;4;3;3;2;2;3;3;3;3;3;3;4;3;4;3;3;2;3;3;2;3;3;2;4;3;4;3;3;2;4;3;2;2;3;4;4;2;4;4;3;3;4;3;3;3;3;2;3;3;5;3;4;3;2;4;4;4;2;3;2;3;3;4;2;3;3;4;3;3;5;3;3;3;4;3;1;4;5;3;4;3;4;4;3;2;2;4;2;3;2;2;2;3;3;2;3;3;3;3;0;1
10060019;5;1;1;5;5;5;3;5;2;5;5;1;1;1;5;1;5;3;1;5;2;3;5;3;5;5;5;3;5;4;2;5;2;5;5;5;4;5;5;3;5;4;2;3;4;1;2;4;5;1;5;2;5;5;4;4;4;2;4;5;2;5;5;5;2;4;5;4;5;2;4;4;2;4;4;4;2;5;5;5;5;1;4;3;4;5;5;2;4;5;2;2;2;2;5;4;3;5;5;5;4;5;4;4;3;4;3;5;3;5;4;0;1
10060020;3;2;2;1;5;5;5;3;2;3;3;3;2;1;3;1;1;3;3;5;3;2;2;5;2;2;2;2;2;2;3;1;2;4;1;3;4;2;2;2;3;2;3;4;2;2;3;1;1;1;2;3;3;2;2;3;1;3;4;4;1;1;5;5;3;1;1;2;2;1;1;2;2;1;4;3;1;2;2;2;2;2;2;2;2;2;1;4;1;2;1;1;1;1;2;2;1;1;3;1;4;1;5;3;3;4;1;2;3;3;3;0;1
10060022;5;1;2;4;4;3;3;4;3;4;4;1;2;4;5;1;2;3;3;5;3;3;4;5;3;4;3;4;3;5;2;4;2;5;5;3;3;4;4;2;4;4;4;5;3;2;2;3;5;3;5;3;5;3;5;5;4;2;5;4;2;5;5;5;3;5;5;5;5;2;3;1;2;4;3;5;3;5;5;3;4;3;5;5;1;5;5;1;5;5;3;1;1;2;5;5;4;4;4;5;3;5;1;5;4;3;3;4;4;3;5;0;1
10060023;4;2;2;4;3;3;3;4;3;4;3;2;3;3;4;1;3;2;3;4;2;3;4;3;4;4;4;3;4;4;2;4;2;3;4;3;3;4;3;3;3;4;4;3;3;2;2;3;3;3;4;2;4;3;3;3;3;2;3;4;2;5;4;4;4;4;3;3;3;3;2;2;2;3;2;3;1;4;3;3;3;5;3;3;2;4;3;2;3;4;3;2;2;3;4;3;3;2;3;4;3;3;2;3;3;3;4;4;3;3;4;0;1
10060024;5;1;1;4;5;5;3;2;3;4;5;1;1;2;3;1;2;4;2;3;2;5;4;1;5;5;4;3;4;2;1;5;4;5;5;3;4;5;5;5;5;3;3;2;4;4;4;3;3;2;5;3;3;5;5;5;5;4;4;5;3;5;5;5;5;5;5;5;5;4;5;3;2;4;3;5;2;5;5;3;3;5;5;4;1;5;5;1;5;1;2;1;1;3;5;5;3;5;5;5;4;4;4;5;1;5;5;5;4;5;4;0;1
10060027;4;1;2;3;4;5;5;3;2;3;5;1;1;2;3;1;3;3;1;4;2;2;4;3;3;5;2;5;3;3;3;5;2;5;4;4;3;5;3;3;4;3;3;3;2;4;2;3;5;5;5;1;4;5;3;3;3;4;4;3;4;4;5;3;2;3;5;4;2;3;2;2;3;4;4;1;1;4;5;4;3;1;4;5;3;5;5;2;3;5;3;1;2;2;5;4;3;2;3;5;3;2;1;3;4;3;3;3;2;3;5;0;1
10060028;5;2;2;5;4;4;4;5;3;5;5;4;3;1;4;2;4;3;2;4;2;4;5;5;4;4;4;4;4;4;2;4;2;5;3;3;3;5;3;2;4;5;2;3;3;2;3;3;4;3;5;3;5;5;5;4;3;4;5;2;2;5;4;2;5;2;5;4;2;3;3;2;3;4;4;4;1;4;5;4;4;3;5;4;1;4;5;4;4;4;3;2;2;3;5;3;4;3;4;4;3;5;2;4;3;3;3;4;3;4;5;0;1
10060030;4;2;3;3;4;1;1;2;3;5;3;2;2;1;4;1;3;3;2;4;4;5;2;1;5;3;2;4;4;3;3;1;3;5;3;3;4;3;4;5;2;1;3;2;3;2;4;5;1;2;2;3;2;4;2;4;3;5;2;3;3;4;4;4;1;2;1;5;1;1;1;4;2;4;1;1;4;4;5;4;3;3;2;5;3;3;3;1;3;4;3;5;3;3;3;4;4;2;3;2;2;2;4;1;3;3;3;4;3;4;2;0;1
10060031;3;3;3;3;3;4;2;4;2;3;3;3;2;2;3;2;1;3;1;3;2;5;4;3;3;3;3;4;3;3;3;3;3;3;3;2;3;4;3;2;2;2;3;3;2;4;2;4;4;2;4;3;4;4;3;3;3;4;2;3;3;3;3;3;2;3;4;4;3;2;2;4;2;3;2;2;2;4;4;3;3;5;3;3;2;3;4;2;4;3;2;4;2;2;4;3;3;3;4;4;3;3;2;3;1;3;4;3;3;3;3;0;1
10060038;5;2;1;4;4;5;2;4;5;4;5;5;5;3;4;1;1;5;5;3;2;5;4;5;4;4;2;3;4;5;1;4;2;4;4;4;4;5;5;1;4;5;5;3;4;2;2;5;4;5;5;2;5;5;5;5;5;1;3;4;2;5;5;5;4;4;5;5;4;5;5;2;2;5;5;4;2;5;5;4;4;3;3;4;1;5;4;1;5;5;4;2;1;5;5;3;5;3;4;5;5;5;1;5;2;1;5;5;5;3;5;0;1
10060040;4;2;1;4;4;4;5;3;4;4;4;2;5;3;4;1;4;5;5;4;3;3;4;4;4;4;4;4;4;4;2;4;3;4;4;4;4;4;4;2;4;4;4;4;4;2;3;2;3;4;5;2;5;4;3;4;4;2;4;4;2;5;5;4;3;4;1;4;4;4;5;2;1;5;5;4;1;4;4;4;4;5;5;4;2;4;3;3;5;4;3;2;2;4;4;4;3;3;3;4;4;3;2;4;2;4;3;4;4;4;4;0;1
10060042;4;3;3;3;4;2;3;4;2;3;4;4;1;1;4;3;2;2;1;4;4;3;3;4;3;3;3;4;3;3;4;2;1;4;3;3;4;4;4;2;2;4;3;3;2;3;2;1;3;1;3;3;3;4;4;3;2;3;3;3;2;4;2;3;2;2;2;3;3;2;2;5;2;3;3;4;3;4;4;4;4;5;4;4;2;3;5;2;4;4;3;3;2;2;4;4;3;2;3;3;3;4;2;3;1;3;4;3;3;3;4;0;1
10060047;5;3;1;5;5;4;3;3;5;5;5;3;3;2;4;1;3;5;5;5;1;4;4;3;4;4;3;5;4;5;1;3;1;5;4;4;3;5;5;2;2;4;5;3;5;1;3;3;3;5;5;1;5;5;5;4;5;1;3;4;1;5;5;5;5;4;5;5;5;2;5;2;5;5;4;4;1;4;4;4;4;1;3;4;1;3;5;1;5;5;3;4;1;5;5;5;3;4;4;3;4;4;1;5;5;5;3;5;2;5;4;0;1
10060049;5;4;1;5;3;5;4;4;3;4;4;4;2;2;4;1;4;3;3;5;2;2;4;5;4;5;4;4;3;4;1;3;3;4;4;2;4;5;4;1;3;4;4;3;4;3;3;2;3;2;5;2;5;4;5;3;3;2;3;2;2;5;5;3;4;5;4;4;4;3;4;2;2;4;4;5;2;4;3;4;4;1;3;3;2;4;5;2;4;5;3;3;2;4;4;4;2;4;3;3;3;3;2;5;2;3;3;4;2;3;4;0;1
10070002;4;3;2;4;3;5;4;4;4;4;4;3;4;4;3;3;3;3;3;3;3;3;3;5;3;5;4;4;3;4;3;4;3;4;4;2;3;5;4;2;4;5;4;3;3;4;3;5;4;3;5;3;5;4;4;4;3;1;3;4;2;4;4;4;5;4;5;4;4;4;2;2;3;3;4;5;2;4;4;4;4;4;4;3;1;4;5;1;4;5;3;3;2;5;3;4;3;3;3;4;3;4;4;4;4;4;5;4;3;3;4;0;1
10070004;4;2;4;5;4;4;4;4;2;4;4;2;3;3;4;2;1;3;3;4;4;4;4;3;4;3;4;4;4;3;4;4;2;4;3;2;3;5;3;3;2;2;4;2;2;4;2;2;4;2;5;3;4;5;5;4;3;3;4;4;2;5;4;3;2;3;4;4;4;4;2;3;3;4;2;3;3;3;4;4;4;5;4;4;2;4;4;2;4;3;1;2;2;4;4;3;4;3;3;4;5;4;3;5;1;1;3;4;3;2;4;0;1
10070005;5;3;1;5;5;5;3;5;5;5;5;1;4;1;5;1;3;4;5;3;1;3;5;3;3;5;5;4;5;5;1;5;1;4;5;5;3;5;5;1;5;5;5;2;5;1;2;1;5;3;5;2;5;5;5;4;3;1;5;3;1;5;5;5;4;4;4;5;5;5;3;2;2;5;2;5;2;5;5;5;5;5;5;5;1;5;5;2;5;5;5;1;1;5;5;4;5;5;4;5;5;5;3;5;1;4;4;5;1;3;5;0;1
10070008;4;4;2;4;4;3;3;4;3;4;4;4;2;2;4;2;4;4;3;4;2;3;4;5;4;4;3;4;3;4;2;4;2;4;3;4;4;4;4;2;3;5;4;3;4;2;3;3;3;2;4;2;4;4;4;4;5;3;4;3;1;4;4;4;4;4;3;4;4;3;3;2;3;4;4;3;2;4;4;4;4;5;4;4;2;4;5;2;4;4;3;3;2;4;4;4;3;3;4;4;3;4;2;4;2;4;4;4;2;4;4;0;1
10070011;4;2;1;5;3;5;5;5;3;3;5;2;3;2;2;2;5;4;3;3;3;3;4;5;3;3;3;2;4;4;2;4;3;3;4;2;3;5;4;2;2;5;4;2;3;4;3;3;4;3;5;3;5;5;5;3;3;3;4;4;3;4;5;4;3;4;5;3;4;4;1;3;2;2;4;5;3;3;3;3;4;4;4;3;1;4;5;3;4;5;2;3;1;4;4;3;3;3;3;4;3;5;3;4;4;4;2;3;3;4;4;0;1
10070012;5;1;1;5;4;5;5;4;4;2;2;4;3;4;1;4;4;4;4;2;2;4;5;3;1;3;1;4;3;2;1;5;1;5;5;3;4;5;5;2;3;4;4;4;5;2;5;2;5;5;5;5;1;1;2;2;4;1;3;5;3;5;5;5;3;5;5;4;4;5;4;2;1;5;5;3;1;5;4;5;5;1;4;3;1;4;5;1;4;4;4;2;1;4;5;3;2;2;5;4;5;4;1;4;4;4;1;5;2;4;4;0;1
10070014;5;4;3;3;3;4;3;3;1;2;3;3;3;1;3;3;2;4;3;3;3;3;2;2;3;3;3;3;2;1;3;5;2;5;3;4;4;4;4;3;5;4;3;3;4;3;3;1;3;2;4;3;4;4;4;4;4;3;3;3;3;5;3;3;1;3;4;3;2;1;3;3;1;5;1;3;2;5;3;3;3;5;2;4;4;4;5;2;4;3;3;3;3;3;4;3;3;1;4;4;3;5;3;3;3;4;4;4;4;4;3;0;1
10070015;3;2;2;4;3;3;3;3;2;4;4;4;3;3;3;4;3;3;3;4;4;3;3;3;2;4;2;3;3;3;4;3;2;4;2;2;2;4;3;3;3;3;3;3;3;4;3;5;2;2;4;3;4;4;2;4;2;3;2;3;2;3;4;3;3;2;4;4;3;3;3;3;3;4;3;3;3;3;4;3;3;3;2;3;2;4;4;2;4;2;2;3;3;4;4;3;3;1;3;4;3;3;2;3;3;2;5;4;4;3;4;0;1
10070017;3;1;1;3;4;5;5;3;1;4;5;5;1;1;5;1;2;5;1;2;5;3;5;1;4;5;1;1;4;2;5;5;1;5;3;5;2;5;5;2;3;4;4;5;4;5;1;5;2;1;5;1;5;5;5;4;2;3;3;2;4;4;5;1;3;2;3;2;3;4;1;3;1;5;1;4;1;4;5;4;3;4;5;2;1;5;5;2;4;3;1;3;5;1;5;3;1;1;5;5;4;5;5;4;1;4;2;3;4;4;4;0;1
10070020;4;3;2;3;3;2;3;3;4;3;4;3;4;3;3;2;5;3;3;3;3;4;4;3;3;4;3;3;4;4;3;3;3;3;2;3;3;4;3;3;2;3;3;3;4;3;3;4;3;3;4;2;4;4;3;3;3;3;4;3;3;5;3;2;3;3;5;3;3;2;3;3;3;4;2;3;3;3;3;3;3;3;3;3;2;4;4;2;3;2;3;2;4;3;5;3;1;2;4;4;4;2;2;3;5;4;2;3;3;3;3;0;1
10070026;4;2;1;4;5;5;2;4;5;5;2;2;4;1;4;1;1;4;5;5;4;4;4;1;4;4;3;2;5;3;1;4;2;4;5;1;4;5;4;3;3;2;5;4;4;2;3;1;3;2;5;2;5;5;3;3;4;1;3;4;2;5;5;5;1;4;4;5;4;5;4;2;1;4;4;3;2;4;4;4;4;5;5;3;2;4;5;3;3;5;2;3;4;5;5;4;2;3;3;4;3;5;4;4;3;5;1;4;4;5;3;0;1
10070027;4;2;1;5;5;5;2;5;4;5;4;2;4;3;3;1;1;4;4;5;2;4;4;4;4;4;3;4;4;4;1;3;2;4;3;1;5;5;4;2;3;5;4;2;4;2;1;3;5;3;5;2;4;4;4;2;5;1;3;4;2;5;4;4;2;5;5;3;4;2;4;1;1;2;2;4;1;4;4;2;4;1;5;4;1;4;3;2;4;4;1;2;1;5;4;4;3;4;4;4;2;4;4;4;4;3;1;4;2;3;4;0;1
10070028;4;4;2;4;4;4;4;3;2;3;3;2;2;3;4;1;4;4;3;3;2;2;4;5;4;4;3;2;2;2;2;4;4;3;4;2;3;5;5;4;4;4;3;4;3;3;3;4;4;2;5;1;4;4;3;3;2;3;5;4;2;4;5;4;3;2;2;4;2;2;1;2;3;2;1;2;2;4;4;2;4;1;4;4;3;4;4;4;4;2;2;5;1;4;5;2;4;3;2;5;4;4;4;5;4;5;3;3;2;4;4;0;1
10070033;5;1;1;3;5;4;2;5;1;4;4;1;2;3;3;2;2;3;1;3;2;5;5;5;5;5;5;3;5;4;2;4;1;5;5;5;3;5;4;2;4;5;3;4;3;2;2;5;3;1;3;2;3;3;2;3;5;3;2;3;4;3;3;3;3;3;5;3;2;1;3;2;1;5;3;3;2;3;4;4;3;5;5;5;2;3;3;3;3;3;3;3;2;1;3;5;1;3;2;3;1;3;3;2;3;3;1;4;1;5;3;0;1
10070034;4;3;1;3;4;5;4;5;2;4;3;2;2;2;3;2;1;3;3;2;1;3;3;2;4;2;2;2;3;3;2;3;2;4;3;3;3;4;4;3;3;2;4;4;4;3;4;5;4;2;4;3;3;4;3;3;5;2;3;3;3;4;4;2;2;3;3;4;3;3;2;4;2;4;2;3;4;4;3;3;4;3;2;3;2;3;5;1;4;2;4;2;1;4;5;4;4;4;2;4;3;4;1;5;3;3;4;3;4;4;4;0;1
10070037;3;2;2;3;3;5;5;5;4;4;4;3;4;2;3;1;3;3;4;3;4;4;3;4;3;3;3;4;3;4;2;5;2;3;2;3;2;5;3;2;3;3;4;2;3;2;3;2;2;3;4;3;4;4;3;3;3;2;2;3;2;4;3;3;3;4;2;3;3;4;3;3;3;3;5;3;3;3;3;3;3;3;3;4;1;4;5;1;4;4;3;3;3;4;5;5;3;2;5;5;3;3;2;4;1;2;4;4;4;4;4;0;1
10070038;5;1;1;4;5;5;5;5;5;5;5;1;4;3;5;1;2;5;3;5;2;3;5;4;5;5;3;5;5;5;1;5;1;5;5;4;4;5;5;3;4;5;5;3;3;1;2;5;2;3;5;2;5;5;5;5;5;2;4;5;1;5;5;3;5;5;5;5;5;5;5;1;3;5;5;5;1;5;5;5;5;4;5;5;5;5;5;2;4;5;4;2;1;5;5;5;3;5;5;3;5;4;5;5;5;3;5;5;2;5;5;0;1
10070040;5;3;1;5;5;5;4;4;5;5;5;2;5;2;5;1;5;4;5;4;3;2;3;5;4;4;3;5;3;4;2;4;3;5;3;2;3;5;4;1;4;5;5;3;3;2;3;5;5;3;5;1;5;5;5;3;4;1;5;3;1;5;5;4;5;4;5;5;5;5;2;2;3;3;5;5;1;5;3;3;4;2;3;4;1;3;5;2;5;5;2;3;2;5;5;5;3;5;3;4;3;5;2;4;5;3;5;5;3;4;5;0;1
10070043;4;2;1;2;4;4;5;1;2;4;5;1;3;1;5;1;3;4;2;5;4;5;4;1;5;5;3;3;4;3;2;5;1;5;5;3;5;5;5;5;5;1;3;4;4;3;3;3;3;1;5;1;5;5;5;3;3;3;5;4;2;5;4;4;1;1;5;5;4;2;4;1;2;5;1;5;2;5;5;3;4;5;2;4;2;5;4;1;3;5;2;1;1;3;5;5;2;5;5;3;3;4;1;5;3;5;4;5;4;5;5;0;1
10070044;4;3;2;3;4;5;3;1;5;4;3;1;5;4;3;2;3;3;5;5;2;2;3;3;3;4;3;1;3;4;2;4;3;3;4;2;2;4;3;2;3;3;4;3;3;3;3;3;3;5;4;3;4;5;3;3;4;2;3;3;2;4;4;3;5;3;5;4;3;4;2;3;2;4;5;4;3;3;3;4;4;5;4;4;3;3;3;4;4;4;1;2;2;5;4;4;3;3;4;4;3;3;3;3;3;3;3;3;3;3;3;0;1
10080002;5;3;2;4;4;5;2;5;5;5;4;1;2;2;4;1;4;5;3;5;5;3;3;5;4;4;3;4;4;5;4;3;2;5;4;4;2;5;4;4;3;5;5;2;3;3;1;5;3;5;5;3;5;5;4;5;3;2;4;3;2;4;5;3;3;4;2;3;5;5;5;3;3;4;4;5;2;3;5;4;3;1;3;5;1;3;5;3;5;5;3;3;1;4;5;3;2;3;4;5;2;5;3;5;3;4;2;4;4;3;4;0;1
10080003;3;3;1;5;3;5;5;5;3;5;5;1;1;5;5;2;2;4;2;1;5;4;4;5;1;3;5;5;1;5;5;5;5;2;1;5;1;5;1;1;3;5;5;4;1;5;5;5;5;1;5;4;5;5;3;1;2;5;4;1;2;4;4;1;5;5;5;4;3;4;1;5;2;5;5;5;1;1;3;5;1;2;5;3;1;5;5;2;4;4;5;5;1;2;4;3;4;5;2;5;2;5;2;4;2;1;4;3;2;1;3;0;1
10080007;4;1;1;5;3;5;3;3;3;3;3;3;3;2;3;2;3;3;3;3;2;2;3;3;2;3;3;3;2;3;2;3;3;3;3;2;4;5;3;3;3;3;3;3;4;2;3;3;3;3;4;4;3;5;3;3;3;2;2;3;3;3;2;3;3;3;3;3;3;4;3;3;3;3;3;5;3;3;3;3;3;3;3;3;3;3;3;3;3;3;3;3;3;3;3;3;3;3;3;3;3;3;3;3;3;3;3;3;3;3;3;0;1
10080008;5;3;2;5;5;5;3;3;5;5;4;3;5;2;4;1;3;5;5;5;2;3;5;3;5;5;5;5;5;5;1;4;2;5;5;4;5;5;5;2;5;4;5;5;5;2;4;4;4;5;5;2;5;5;4;5;4;2;4;5;1;5;4;4;3;2;3;4;4;3;4;3;3;5;2;4;1;5;4;5;5;5;4;3;1;5;3;2;3;5;2;1;1;4;4;3;3;5;5;5;5;5;2;4;2;5;3;5;2;5;5;0;1
10080012;5;2;2;5;5;5;2;5;5;5;5;1;3;3;4;1;5;4;3;4;3;5;5;5;4;5;3;5;4;5;2;5;3;5;3;3;3;5;3;1;5;5;3;3;4;2;3;3;4;3;5;1;5;5;5;4;4;1;1;4;1;5;5;4;2;3;5;5;5;5;5;4;3;4;2;3;1;4;5;3;4;5;3;4;2;4;2;2;4;4;4;3;1;5;5;5;4;3;5;5;5;5;2;4;3;3;5;5;2;3;3;0;1
10080013;4;3;2;4;4;3;4;4;4;3;3;4;3;2;3;2;1;3;5;3;3;5;3;2;3;3;2;3;4;5;2;4;2;3;3;3;2;5;3;3;2;3;4;3;4;2;2;4;3;1;4;2;4;4;3;4;3;2;4;3;2;5;3;4;3;4;3;4;3;3;2;2;2;4;3;3;4;3;4;3;3;5;3;3;3;3;5;2;3;3;3;3;3;5;4;3;3;2;3;3;2;3;1;3;2;3;3;3;3;3;3;0;1
10080015;5;2;1;4;4;2;1;1;3;3;4;2;2;2;5;1;4;3;2;4;1;4;5;5;4;4;2;5;3;5;2;4;3;4;5;4;3;5;3;2;3;4;5;4;4;3;3;1;3;2;5;2;5;5;2;3;5;4;3;3;2;4;5;3;4;4;5;4;4;4;4;2;2;3;4;2;2;4;5;2;4;5;2;4;1;3;4;1;5;5;5;4;1;3;3;4;3;2;4;5;3;4;4;5;2;2;5;4;4;3;4;0;1
10080019;4;1;1;5;4;5;5;5;5;4;5;1;5;3;5;1;4;3;4;4;1;4;5;5;3;5;5;4;3;5;3;5;3;5;5;1;3;5;4;1;4;5;5;4;3;2;3;5;5;5;5;2;5;5;5;4;4;1;3;3;1;5;5;5;5;3;5;4;5;5;2;4;3;3;5;5;3;3;5;5;5;5;5;5;1;5;5;1;5;5;2;3;1;5;5;5;5;3;3;5;4;5;1;5;5;3;1;4;1;2;5;0;1
10080023;5;2;2;5;4;4;1;4;3;3;5;5;5;2;3;1;1;3;5;2;5;5;3;2;3;4;2;4;1;5;5;2;4;3;2;3;2;5;4;2;2;3;4;4;1;3;4;2;5;2;5;3;5;5;5;4;2;2;2;3;3;5;4;1;2;4;5;3;1;5;1;4;1;2;4;3;3;2;5;4;4;5;3;4;1;3;5;2;4;5;4;5;1;5;3;4;3;2;3;3;3;2;1;1;2;1;4;3;3;3;2;0;1
10080026;4;2;3;5;4;3;3;3;1;3;3;2;1;3;3;5;2;3;2;3;3;2;3;3;3;3;3;3;3;3;2;5;3;5;4;3;1;3;3;3;2;3;2;4;3;3;5;3;4;3;3;4;4;4;2;3;3;5;4;2;3;3;3;3;1;1;5;4;3;4;3;5;1;3;3;5;3;3;4;4;4;1;4;3;3;4;3;2;3;3;1;3;3;1;4;5;5;4;4;4;3;4;4;4;3;3;3;4;5;2;4;0;1
10080028;3;3;2;4;4;4;3;2;2;4;3;1;1;3;4;2;4;4;2;4;3;4;4;2;4;4;4;2;4;4;2;4;2;3;5;2;3;4;3;2;4;3;4;4;4;2;4;1;3;2;5;2;3;4;4;3;4;2;4;4;2;5;4;4;1;4;3;4;4;2;4;2;1;4;4;4;2;4;4;3;4;4;3;4;2;3;5;4;4;4;2;3;3;1;5;4;4;4;4;4;4;4;3;4;2;4;1;4;2;4;4;0;1
10080029;5;1;1;4;5;4;1;3;4;5;5;1;2;1;4;1;5;4;1;4;2;5;5;5;4;5;3;4;5;5;2;4;2;5;4;3;5;5;5;1;4;5;5;2;3;5;2;5;3;3;5;3;4;5;5;5;3;5;3;3;5;5;3;5;5;5;4;5;5;1;1;2;3;5;5;3;2;5;4;4;5;5;5;4;1;5;5;1;5;5;4;5;2;5;5;5;5;3;5;5;3;5;3;5;5;3;5;5;5;2;2;0;1
10080031;5;2;1;4;4;4;4;5;1;4;1;1;1;4;4;2;3;3;1;5;5;3;5;2;2;5;4;3;3;4;3;5;3;4;5;3;2;5;2;5;3;3;3;3;3;3;2;1;3;1;4;3;4;3;4;3;2;4;3;4;5;4;2;3;1;5;3;4;4;1;2;3;1;4;1;2;1;3;3;4;4;4;4;4;4;4;4;2;4;3;4;2;2;1;4;3;4;3;4;4;4;4;3;4;4;4;1;3;4;3;4;0;1
10080033;4;1;2;3;4;5;4;2;3;5;5;1;3;3;5;1;4;5;2;5;1;4;5;5;5;5;3;5;4;5;3;5;2;5;4;2;4;5;4;2;3;5;5;3;3;2;4;5;5;1;5;1;5;5;5;5;5;3;5;5;5;5;2;3;5;5;5;5;5;5;1;3;3;5;1;5;1;3;5;1;3;3;4;3;2;3;3;4;3;3;2;3;5;4;5;3;2;3;5;5;3;5;3;4;1;1;3;5;1;3;4;0;1
10080037;5;4;1;4;4;5;4;4;5;4;5;1;4;2;5;1;2;5;2;4;3;2;5;1;4;4;3;3;4;2;1;4;2;4;4;5;4;5;4;5;4;1;4;3;3;2;4;5;2;3;5;1;5;5;3;2;5;2;3;4;2;5;5;5;2;3;5;5;4;4;5;2;2;4;4;3;2;4;5;4;4;5;3;4;2;4;3;2;5;1;5;2;1;5;5;4;3;3;5;4;3;1;1;4;4;2;5;5;2;3;4;0;1
10080038;5;2;1;5;5;5;2;5;5;5;5;1;3;3;5;1;5;5;2;5;1;5;5;5;5;5;2;4;5;5;1;4;3;5;4;5;4;5;5;1;3;5;5;2;5;1;1;5;5;4;5;2;5;5;4;5;5;3;5;5;5;5;5;5;3;5;5;5;5;5;4;2;2;5;5;5;1;1;5;5;5;1;4;4;1;3;5;1;4;5;4;4;1;3;5;4;3;5;5;4;4;5;2;4;5;3;3;5;1;3;5;0;1
10080041;5;1;1;4;5;5;2;3;1;5;1;5;1;5;5;3;2;5;1;5;5;4;5;2;5;4;5;2;4;4;5;5;4;4;5;3;1;5;1;4;5;1;5;5;5;5;3;5;5;1;4;2;5;5;5;4;5;5;5;3;5;4;3;2;1;4;5;5;2;1;1;2;1;5;2;3;1;4;3;3;4;5;4;3;3;4;3;2;1;2;4;3;1;1;4;2;4;2;5;5;3;2;1;3;1;3;1;4;4;4;4;0;1
10080042;5;3;2;4;4;2;3;5;4;5;4;5;3;2;4;2;5;4;2;5;5;5;4;5;3;4;2;3;4;4;2;3;2;4;5;1;2;4;4;1;2;4;5;3;5;2;4;5;4;4;4;3;4;3;5;3;5;3;3;5;2;5;4;4;4;2;3;5;4;4;5;2;2;4;5;2;2;4;5;3;4;5;4;5;1;4;5;1;3;5;2;5;1;5;5;3;1;4;5;5;4;5;2;5;3;1;5;5;4;4;4;0;1
10080043;4;2;2;3;5;5;3;5;3;5;4;1;1;2;4;1;2;5;1;5;1;3;5;5;4;5;3;4;5;5;1;3;1;4;5;4;4;4;4;2;2;4;4;2;4;1;3;4;4;3;4;2;4;5;4;4;4;3;4;5;1;4;4;4;4;2;4;4;3;3;3;2;2;4;5;3;2;4;4;4;4;2;3;3;1;4;5;1;4;5;4;2;2;2;5;4;4;4;5;4;3;5;1;4;4;3;4;4;2;4;5;0;1
10080044;5;2;2;4;5;3;4;4;3;4;3;1;3;3;5;2;4;4;4;5;2;3;4;3;4;4;4;4;4;4;2;3;2;4;4;4;3;4;5;4;4;4;4;4;4;2;2;3;4;3;4;2;4;4;4;4;4;2;4;2;2;4;4;4;4;3;3;5;4;5;4;2;4;5;2;4;2;4;5;5;5;3;4;5;1;3;4;2;4;5;4;2;1;4;5;4;2;5;3;4;3;5;2;5;1;4;3;5;2;5;5;0;1
10080045;5;3;2;5;5;5;2;5;4;5;3;1;4;3;5;2;1;5;4;3;3;5;3;2;3;4;5;4;4;5;3;4;4;4;5;3;3;5;3;2;3;3;3;4;3;2;1;5;5;2;3;3;3;5;5;4;3;4;3;4;2;3;4;5;1;5;2;4;2;2;2;3;1;3;1;2;1;3;4;3;5;5;4;4;3;3;5;1;3;4;3;4;1;5;4;4;3;2;4;5;3;3;1;3;1;2;1;4;3;3;4;0;1
10080046;5;1;1;5;5;5;5;5;4;4;5;2;3;2;3;3;2;3;3;4;5;4;5;5;2;3;3;4;1;4;2;4;5;5;5;2;4;5;3;1;4;4;4;4;4;3;5;5;5;4;4;1;5;5;5;3;4;4;4;3;1;4;4;5;4;5;5;4;3;4;5;5;4;1;5;5;5;4;5;4;3;1;5;4;1;4;5;1;2;5;3;3;1;4;5;4;5;5;4;4;3;5;1;5;1;5;5;2;4;2;3;0;1
10080047;4;3;1;4;4;4;3;5;3;4;4;3;2;3;5;1;3;3;2;3;4;2;4;4;3;4;3;5;3;3;2;3;2;4;3;2;2;5;2;2;3;4;4;2;3;3;4;4;4;3;5;3;4;5;3;4;3;3;4;3;2;5;5;4;3;4;5;4;4;4;4;4;2;4;4;4;3;3;4;4;3;5;2;4;2;3;5;3;4;4;2;2;3;3;5;4;4;3;5;5;3;5;4;4;3;3;4;4;3;4;4;0;1
10080051;4;2;1;3;3;5;3;4;4;5;5;1;3;5;4;1;1;4;4;1;5;4;4;3;2;5;3;4;5;5;1;4;4;5;1;1;3;5;2;2;4;3;4;3;4;1;4;2;2;3;3;3;4;5;4;5;3;2;2;4;4;4;4;1;5;3;5;3;3;4;5;5;3;3;5;4;3;2;4;4;1;4;4;2;2;4;5;1;4;5;2;2;2;5;4;4;2;5;2;4;4;4;4;2;2;1;5;2;5;4;4;0;1
10080052;3;2;2;3;4;3;3;4;2;3;3;2;2;2;3;2;2;2;2;3;4;3;3;5;2;3;2;3;3;3;3;4;4;3;3;1;3;5;3;3;3;4;4;3;2;3;4;4;3;2;5;2;4;5;5;3;2;3;4;3;2;5;5;3;3;4;5;3;3;3;1;3;2;3;3;3;3;4;4;3;4;3;4;4;2;3;3;2;4;4;2;3;2;3;3;3;3;2;3;3;2;3;2;3;2;3;3;3;2;3;3;0;1
10080053;5;1;1;3;5;5;4;5;5;4;5;1;2;3;4;1;4;3;2;4;1;2;5;5;4;5;4;5;4;4;2;5;3;5;5;5;2;5;4;1;4;5;5;2;5;2;2;5;3;4;5;2;5;5;5;3;4;2;2;4;3;4;4;5;3;4;4;4;4;5;4;2;3;3;4;4;2;4;4;4;4;1;4;4;2;5;5;2;4;5;3;2;1;4;4;2;3;4;3;4;2;3;2;4;3;4;2;4;2;4;4;0;1
10080054;4;4;1;4;3;5;3;5;5;4;2;1;5;5;4;2;3;4;5;2;1;3;4;5;4;5;5;4;3;4;3;5;2;4;3;2;2;5;3;3;5;2;3;5;3;3;5;1;5;5;4;1;5;1;5;4;5;1;5;4;2;5;3;1;4;5;5;5;5;5;1;4;3;3;5;5;1;4;5;2;3;5;5;3;2;5;3;4;4;4;1;5;1;5;4;4;4;3;4;5;5;5;3;4;1;3;2;4;1;4;5;0;1
10080055;5;5;2;5;4;4;4;5;5;3;4;2;5;3;4;1;3;3;5;3;3;3;3;4;5;4;3;2;4;5;2;3;2;5;5;4;4;5;4;2;4;4;3;4;4;2;3;4;4;5;5;2;4;5;5;3;4;2;4;3;2;5;5;5;3;3;5;5;4;4;3;2;4;3;5;4;3;3;3;3;4;4;5;3;2;3;5;2;4;5;4;4;2;5;5;4;4;5;4;4;3;4;2;5;4;4;4;4;4;4;5;0;1
10080056;4;2;2;4;4;5;2;5;2;4;4;4;1;3;4;2;5;2;2;4;2;4;4;4;4;5;2;3;4;4;3;4;4;5;2;2;4;4;4;2;2;5;4;4;4;2;4;1;4;2;5;3;5;4;4;4;4;3;3;4;4;4;5;4;2;2;1;4;4;1;4;2;4;4;4;4;2;4;4;3;4;1;4;4;2;4;4;2;5;5;2;4;4;3;4;4;2;4;4;4;4;4;2;4;5;4;2;4;4;4;4;0;1
10080060;4;2;2;5;5;5;4;4;4;4;4;2;4;3;4;1;5;4;5;5;2;4;4;5;5;4;2;4;5;4;2;4;1;4;4;3;5;5;4;2;3;4;4;4;4;2;3;3;3;4;4;2;5;4;5;4;4;1;4;4;1;5;4;4;4;5;5;5;4;5;5;2;3;4;4;4;1;4;4;5;4;4;3;4;1;4;5;4;5;5;3;4;1;5;5;5;2;4;5;5;5;5;1;4;1;5;5;4;5;4;4;0;1
10080063;4;3;3;3;4;2;4;3;1;4;4;3;1;2;4;3;3;4;1;4;3;4;4;4;3;4;4;3;4;4;3;3;3;4;4;4;3;4;3;3;3;3;4;3;4;3;2;3;4;1;4;3;4;3;3;3;4;4;4;3;2;4;4;3;2;3;1;3;3;3;3;3;3;3;3;4;2;3;3;4;3;3;4;3;3;4;4;2;3;3;4;3;2;1;4;4;3;3;2;4;3;3;3;4;3;4;2;3;3;4;3;0;1
10080067;5;1;1;5;5;5;1;5;2;5;5;5;1;2;3;2;3;5;3;4;4;5;5;5;3;5;2;5;3;4;3;3;2;5;3;4;3;5;3;1;1;5;4;3;2;3;3;5;3;1;4;2;5;5;5;5;4;3;3;4;2;4;5;3;5;4;5;5;5;2;3;2;2;4;5;3;2;4;2;4;3;5;4;3;2;4;5;1;3;3;3;2;2;2;4;3;2;2;3;2;2;5;2;3;3;2;3;3;3;2;3;0;1
10080070;3;3;3;1;4;2;5;4;4;5;5;5;4;5;5;4;4;5;4;5;2;3;5;3;4;5;4;5;4;4;5;5;5;5;5;5;5;5;5;5;5;5;5;5;5;5;5;5;5;5;3;3;3;3;3;4;2;4;3;1;5;4;3;3;5;3;3;3;3;5;4;2;3;5;5;4;3;3;3;4;3;4;4;5;2;5;5;1;5;5;5;5;1;1;5;3;4;5;5;5;5;5;5;5;5;5;4;3;3;3;5;0;1
10080072;5;3;2;5;5;4;3;4;2;3;5;3;3;5;4;1;4;5;3;5;2;5;5;5;4;4;4;5;4;3;3;3;1;5;4;3;4;4;4;4;4;5;4;2;3;3;4;5;3;1;5;2;5;4;3;4;4;2;4;5;2;5;5;3;5;4;1;5;4;5;2;3;2;5;5;5;2;4;4;4;4;5;3;4;1;4;5;1;5;5;5;2;1;4;5;4;2;3;5;5;4;5;1;4;3;3;2;5;4;4;5;0;1
10080078;5;1;1;5;4;5;5;4;5;4;5;1;2;3;4;1;5;4;2;4;4;5;5;2;4;5;4;5;4;3;1;5;2;4;3;5;3;5;5;1;5;5;4;4;4;1;4;5;5;3;5;2;5;5;5;4;4;1;4;3;4;5;5;3;4;4;5;5;5;4;4;3;4;4;4;5;2;4;4;4;5;1;5;4;1;5;5;1;5;4;3;5;1;3;5;4;4;4;4;5;3;4;2;4;5;4;5;5;3;4;5;0;1
10080079;5;5;1;5;5;5;3;4;5;3;5;2;5;3;4;2;1;4;5;5;2;5;4;5;4;5;3;4;4;5;2;2;4;5;5;5;5;5;5;2;3;5;5;3;4;2;3;5;5;5;5;3;5;5;5;4;4;2;3;2;2;5;5;5;5;4;5;4;5;5;5;4;4;3;5;5;2;5;4;4;4;1;4;4;2;4;5;2;5;5;5;3;2;5;4;3;2;4;2;3;3;5;2;4;4;5;5;4;2;4;4;0;1
10080080;4;3;2;3;4;4;1;4;1;3;3;1;2;4;4;1;1;4;2;4;2;4;4;3;4;5;4;4;4;3;3;5;2;4;4;4;3;5;4;2;5;3;3;3;4;2;4;4;4;2;4;1;4;5;4;3;4;2;3;3;2;4;4;3;2;4;1;3;4;1;1;3;1;4;3;3;1;5;3;4;4;5;4;3;2;5;3;3;3;5;4;2;1;3;5;3;3;3;4;5;4;2;3;4;1;3;2;5;3;4;5;0;1
10080082;5;1;1;5;2;5;5;5;5;3;5;2;5;3;3;1;5;5;5;5;2;2;5;5;5;5;3;2;4;5;2;5;2;5;5;5;5;5;5;2;5;5;3;4;5;2;2;5;5;5;5;1;5;5;5;3;5;1;5;5;2;5;5;5;5;4;5;5;5;5;5;1;2;5;5;5;1;5;5;4;4;3;5;5;1;5;5;2;4;5;5;4;1;5;5;2;2;5;4;5;3;4;1;5;1;4;5;5;2;5;4;0;1
10080086;5;2;1;5;3;5;5;4;4;5;4;5;5;3;5;1;2;5;5;5;5;4;5;1;4;5;2;5;5;4;5;5;5;4;5;5;4;5;5;2;5;5;5;5;5;5;2;5;5;5;5;5;5;5;5;4;5;1;5;5;1;5;5;5;4;5;5;4;5;5;3;1;5;5;3;5;2;5;5;5;5;5;5;5;4;5;5;3;1;3;5;4;1;5;5;5;4;5;5;5;4;5;3;2;2;5;5;5;5;5;5;0;1
10080087;4;2;2;3;2;2;3;3;2;3;3;3;2;3;4;1;3;3;2;3;4;2;3;2;3;4;2;3;3;3;2;3;2;3;3;3;2;4;3;2;3;3;3;3;2;3;4;3;2;2;4;2;3;4;4;3;3;3;4;3;2;5;3;4;3;3;3;3;2;3;3;2;3;3;3;3;2;4;3;4;4;4;2;3;2;3;4;2;3;4;3;2;4;3;3;2;2;2;1;2;3;3;2;3;4;4;5;3;3;4;4;0;1
10080093;4;3;3;3;3;4;3;3;2;4;3;5;2;2;3;2;2;5;2;4;3;3;4;3;3;3;2;3;3;3;4;4;2;4;3;3;1;4;4;3;3;3;4;2;2;4;4;4;3;2;3;2;3;4;3;4;2;2;3;3;3;4;4;3;3;3;3;3;4;2;2;3;3;3;3;3;3;3;3;3;3;3;3;4;3;3;3;2;2;2;4;3;2;2;4;4;3;2;4;4;3;3;1;3;3;3;3;3;3;4;4;0;1
10080094;5;4;1;5;3;5;3;5;5;5;5;5;5;2;4;2;1;4;5;4;5;3;5;4;3;4;2;4;3;5;4;5;4;3;4;1;4;5;3;3;2;4;4;2;4;5;4;5;2;3;5;4;5;5;5;3;4;2;4;4;3;5;3;4;1;3;5;4;2;5;5;5;3;4;3;4;3;4;3;4;5;5;5;4;1;4;5;1;4;3;2;5;1;5;5;2;2;2;5;3;3;5;1;4;4;2;5;5;3;5;3;0;1
10080095;5;1;1;5;5;5;5;5;1;5;1;5;1;5;1;1;1;5;1;5;5;5;5;1;5;5;5;5;5;5;1;5;1;5;5;5;1;5;5;5;5;1;5;5;5;5;5;1;5;1;5;1;5;5;5;5;5;1;5;5;1;5;5;5;1;5;1;5;5;5;5;1;1;5;5;5;1;5;5;5;5;5;5;5;1;5;5;1;5;5;1;5;1;5;5;5;5;5;5;5;1;5;1;5;5;5;1;5;5;5;5;0;1
10080096;5;5;5;5;5;5;2;5;5;5;5;5;5;5;5;4;2;5;5;5;5;5;3;5;5;3;3;3;3;3;5;3;2;4;5;3;4;4;5;2;4;5;3;3;3;4;2;3;3;1;5;2;4;5;5;5;3;3;4;3;2;5;4;3;3;5;2;5;4;5;3;3;3;5;3;5;1;5;5;4;5;5;5;4;2;4;4;3;3;5;3;2;2;3;4;5;3;5;5;3;3;5;2;5;2;4;4;5;3;5;4;0;1
10080097;5;2;1;4;4;5;5;5;4;5;5;2;3;5;5;1;3;5;3;4;3;3;4;4;4;4;5;3;4;5;2;5;2;5;4;5;2;5;3;2;4;5;5;5;3;1;5;5;5;3;5;2;5;5;5;3;4;1;4;5;2;5;5;5;5;5;5;4;4;4;5;3;3;5;5;5;2;4;5;4;4;5;5;5;1;4;5;1;5;5;5;2;1;4;5;4;3;5;5;5;4;4;1;5;1;3;5;5;4;3;4;0;1
10080100;4;1;2;4;3;5;4;5;3;4;4;2;2;2;4;2;4;3;2;3;4;2;5;5;3;4;3;3;3;4;4;5;1;4;4;4;3;5;4;2;4;5;4;3;4;2;3;5;4;2;4;2;4;5;4;3;3;4;4;3;1;4;4;3;3;4;5;4;4;3;4;4;1;3;5;5;2;4;5;3;3;1;4;4;2;5;5;2;4;4;5;3;1;3;4;3;3;5;4;4;4;4;3;4;3;4;5;5;4;3;4;0;1
10080102;4;2;1;4;3;4;4;2;1;4;2;1;1;3;3;2;1;4;1;4;1;2;4;1;3;4;4;4;4;4;3;4;1;4;5;4;3;5;5;4;2;3;5;4;2;3;1;3;4;1;5;2;4;3;1;4;5;2;3;3;2;5;5;5;2;3;5;4;4;3;1;3;2;4;1;3;1;3;4;4;4;4;5;4;3;5;3;2;3;4;5;3;3;2;5;3;1;4;4;3;1;3;2;2;3;3;3;3;3;3;5;0;1
10080105;4;3;2;5;4;2;5;4;2;4;5;5;2;3;3;2;4;4;3;4;2;3;4;5;2;3;4;4;3;4;3;4;3;3;4;3;2;2;3;2;5;3;4;4;3;4;5;3;4;4;4;4;4;5;4;2;3;4;4;4;2;4;4;4;4;4;1;5;3;3;3;4;1;3;1;5;3;2;4;4;3;5;3;3;2;2;2;2;4;4;3;3;4;3;4;3;3;4;4;5;3;5;4;4;4;2;4;4;4;3;4;0;1
10080108;5;4;1;5;4;5;2;5;5;5;5;1;4;5;5;1;2;5;4;5;1;3;5;5;5;5;5;3;5;5;1;5;3;5;5;3;3;5;5;1;2;5;5;3;5;3;3;4;5;3;5;3;5;5;5;5;5;2;5;5;5;5;5;5;3;5;5;5;5;5;5;2;4;5;5;5;1;4;5;5;5;5;5;5;5;5;5;3;5;5;5;3;1;5;5;3;3;5;5;5;5;5;1;5;5;4;5;5;4;5;4;0;1
10080112;4;1;2;4;3;4;4;4;4;4;5;2;3;3;4;1;3;4;4;4;2;4;4;4;4;4;4;4;3;4;2;4;1;4;4;4;4;5;4;2;4;4;4;3;3;2;3;4;3;4;4;2;4;5;5;4;5;2;4;2;2;4;4;3;3;4;4;3;4;3;4;2;3;4;3;4;2;4;4;4;4;5;4;4;1;5;4;1;4;4;4;2;1;5;5;3;1;4;5;4;3;3;1;5;3;4;5;5;2;5;4;0;1
10080116;3;2;2;5;4;5;5;5;5;1;4;3;2;5;4;2;2;2;2;2;1;3;5;5;4;4;5;2;3;5;1;5;5;4;5;4;3;5;4;3;5;4;4;5;3;2;3;4;5;4;4;2;4;5;5;1;4;4;5;1;1;4;5;4;4;5;5;4;4;4;4;3;2;1;4;5;2;4;4;1;3;1;5;5;1;5;4;3;5;4;1;3;1;3;4;5;4;5;1;5;2;5;4;5;5;3;5;4;1;4;5;0;1
10080117;5;2;1;3;3;3;4;2;2;3;4;3;2;3;3;2;3;4;2;5;5;2;3;5;3;5;4;4;4;2;1;2;2;5;3;3;2;4;4;2;3;4;5;3;4;3;2;1;5;3;2;3;3;3;3;4;3;3;4;2;2;3;3;2;5;4;4;2;4;3;2;4;3;2;2;4;3;2;3;4;4;3;3;3;4;2;4;1;4;4;1;5;4;2;5;2;5;2;3;3;3;3;3;4;4;3;5;3;5;4;4;0;1
10080118;4;1;1;5;5;5;5;5;4;5;5;3;4;3;4;1;5;4;4;4;2;4;4;5;4;3;4;4;4;5;1;4;2;4;5;3;3;5;4;2;3;5;5;3;3;2;3;3;4;3;5;2;5;5;5;3;4;2;4;3;2;5;5;4;4;3;5;4;4;4;4;2;3;4;5;4;2;4;4;4;4;3;4;4;3;5;5;3;5;5;3;3;2;5;5;5;3;4;3;5;3;5;3;4;3;4;5;4;3;4;4;0;1
10080119;4;2;5;2;4;2;3;5;1;2;1;1;1;5;3;2;1;5;1;2;2;4;5;1;3;2;5;3;2;1;5;4;2;3;3;2;2;1;4;5;4;1;3;2;2;3;4;4;3;1;3;3;2;1;1;2;1;5;1;3;5;2;1;1;1;3;1;3;1;1;1;5;1;3;1;2;2;3;4;4;4;5;2;2;3;4;4;1;2;1;3;4;5;1;2;3;5;2;2;5;4;1;2;2;2;1;3;2;5;2;2;0;1
10080120;4;3;2;4;4;4;4;3;4;5;4;3;3;3;4;2;2;4;3;4;4;3;3;4;3;4;4;3;3;5;4;4;3;4;3;4;3;5;4;3;4;4;4;4;3;4;3;4;4;3;4;3;4;5;5;4;3;4;3;3;4;4;4;3;2;5;4;4;3;3;1;4;3;2;3;3;3;3;4;4;4;5;3;3;2;3;3;2;4;4;5;5;2;4;5;4;4;3;5;5;4;4;2;5;4;3;3;3;4;4;4;0;1
10080121;4;2;2;3;5;3;2;3;2;5;2;2;1;2;4;3;2;4;1;4;5;3;4;4;2;2;4;3;4;4;4;4;4;3;3;5;3;4;3;2;1;3;3;3;3;5;4;4;5;3;3;3;3;4;5;3;2;5;3;3;1;3;5;2;2;3;1;5;3;2;2;5;1;3;1;5;4;3;4;5;4;5;1;4;2;3;4;2;2;3;5;4;3;3;5;4;4;4;5;4;3;3;2;2;4;2;3;3;3;1;3;0;1
10080124;5;3;2;5;5;2;3;5;5;5;3;3;5;4;5;1;1;5;5;4;2;3;5;5;5;5;4;4;5;5;1;4;3;5;5;2;3;5;5;2;4;5;5;3;3;1;2;3;4;1;5;3;5;5;5;5;5;4;5;5;1;5;3;5;5;5;2;5;5;5;5;2;3;4;1;5;2;5;5;5;5;4;4;4;2;4;4;2;5;5;3;1;1;5;5;5;5;3;5;5;5;4;3;5;3;5;1;5;2;5;5;0;1
10110001;2;5;2;3;5;4;4;2;3;5;4;4;1;2;3;1;4;3;1;3;2;3;3;3;4;4;4;4;5;2;2;4;2;4;3;3;4;4;4;4;4;4;4;3;4;2;4;1;4;1;4;2;4;2;3;3;2;4;4;4;3;5;3;3;4;4;4;4;4;3;4;2;3;3;2;2;3;3;4;2;3;5;4;2;2;4;3;2;3;3;1;2;2;2;4;2;4;4;3;2;4;4;2;3;3;4;5;4;4;4;4;0;1
10110002;4;2;1;3;4;5;2;2;3;4;4;3;2;3;4;2;4;3;2;4;4;3;3;2;3;3;2;4;3;4;2;3;2;4;4;3;3;4;3;3;3;3;4;3;2;3;2;2;2;2;4;2;4;4;3;3;4;4;3;3;2;4;5;4;2;3;5;4;3;3;5;2;3;3;4;2;2;3;4;4;4;5;4;3;2;3;5;2;4;5;3;2;3;3;4;4;2;3;3;3;3;4;2;3;4;3;4;4;2;3;4;0;1
10110003;5;2;2;3;3;1;1;1;1;4;3;5;1;3;3;1;2;2;1;4;3;5;3;3;4;3;2;3;4;3;4;2;2;3;3;2;3;3;3;2;1;2;3;2;4;3;5;1;2;3;4;4;4;2;5;3;2;5;2;3;2;4;4;4;2;2;1;3;4;3;1;2;1;5;3;2;2;4;4;5;3;5;3;4;2;3;5;2;3;2;3;3;2;1;4;3;3;3;3;3;4;4;1;3;1;3;2;4;3;3;3;0;1
10110004;5;1;1;5;5;5;5;5;5;4;5;1;5;5;5;1;5;5;5;5;1;5;5;5;5;5;5;5;5;5;1;5;1;5;5;5;5;5;5;1;5;5;5;5;5;1;3;5;5;5;5;1;5;5;5;5;5;1;5;5;1;5;5;5;5;5;5;5;5;5;4;2;3;5;5;5;1;5;5;5;5;3;5;5;1;5;5;1;5;5;3;3;1;5;5;5;5;5;5;5;5;5;3;5;3;5;5;5;2;5;5;0;1
10110006;3;3;3;3;4;3;2;2;3;4;2;4;4;3;3;3;4;4;3;3;3;3;3;3;3;3;2;3;3;4;3;4;3;4;4;3;3;4;4;3;4;4;3;3;3;3;4;3;3;4;3;2;4;4;3;4;4;3;3;3;2;4;3;3;2;5;4;3;3;3;3;3;3;3;3;3;2;4;3;3;3;2;4;3;2;4;4;2;4;4;3;3;2;3;3;4;2;3;3;4;4;3;3;4;4;3;3;3;2;3;2;0;1
10110007;4;2;2;3;3;3;2;3;5;4;4;3;5;3;3;2;3;3;5;3;1;3;3;3;3;4;2;3;3;5;2;3;2;4;3;2;2;5;3;2;2;3;3;2;3;2;2;3;3;3;3;3;3;5;3;3;3;3;3;3;2;4;4;2;3;5;5;3;3;2;1;2;2;3;3;3;2;5;4;3;3;5;4;3;2;3;4;2;2;4;2;4;2;5;4;3;3;2;3;3;2;4;2;2;2;2;5;3;2;3;3;0;1
10110008;5;3;1;5;5;4;4;1;3;3;5;3;3;4;3;1;3;3;2;4;2;3;5;5;2;5;4;5;5;3;2;3;2;5;1;3;1;4;4;1;2;5;5;3;3;1;2;4;5;2;5;2;5;4;5;4;3;3;4;4;2;5;5;4;4;5;4;5;5;4;4;4;4;4;5;5;2;2;5;5;3;3;3;5;2;4;5;1;5;5;3;3;1;3;5;3;2;5;5;3;5;5;1;5;5;4;5;5;2;4;5;0;1
10110009;4;3;2;5;4;5;2;5;3;5;4;2;4;4;5;1;3;4;4;5;2;5;3;5;5;4;1;3;5;5;2;3;5;4;4;3;4;5;5;2;1;5;3;3;4;3;4;1;5;3;4;3;3;5;5;4;4;2;4;4;2;5;5;3;2;4;5;5;5;5;5;2;1;5;2;5;2;5;5;5;5;5;2;1;1;3;5;3;4;3;2;4;2;5;5;3;4;3;4;4;3;5;2;5;2;4;4;4;3;4;5;0;1
10110010;4;2;2;4;3;4;4;2;3;4;4;5;3;3;4;1;4;4;4;4;2;5;4;3;4;4;3;3;4;3;2;4;2;4;4;3;4;4;4;3;3;3;3;2;4;3;3;4;3;3;4;3;4;3;4;3;4;3;4;4;2;5;4;3;4;4;1;3;4;3;4;1;2;3;4;4;2;4;4;4;4;5;3;5;3;3;4;1;4;4;2;3;1;3;5;3;5;5;4;3;4;4;3;4;1;4;4;4;4;4;4;0;1
10110013;5;2;1;5;2;5;5;5;5;2;5;1;5;5;5;1;1;5;5;5;1;3;5;5;5;5;5;5;3;5;1;5;1;5;5;5;5;5;5;1;5;5;5;3;5;1;1;5;5;5;5;1;5;5;5;5;5;1;5;4;1;5;5;5;5;5;5;5;5;5;5;1;1;5;5;5;1;5;5;5;5;5;5;5;1;5;5;1;5;5;5;1;1;5;5;5;3;3;5;5;4;5;1;5;1;3;3;5;1;5;5;0;1
10110016;4;3;2;4;4;2;3;2;3;4;3;4;3;3;3;2;2;3;3;4;2;4;2;4;3;4;3;4;3;3;3;3;2;4;4;2;3;3;3;3;2;4;4;2;3;4;2;4;3;4;4;2;4;4;3;4;4;4;2;4;2;4;4;4;4;4;2;4;4;3;2;2;3;4;4;4;2;3;4;4;3;4;3;3;3;2;5;2;4;5;2;4;2;3;4;4;4;4;4;3;3;4;4;4;5;4;5;4;5;3;4;0;1
10110018;3;4;3;4;4;2;4;1;4;4;4;2;5;1;3;1;3;4;5;4;2;3;4;5;5;4;1;3;4;2;2;3;3;4;4;1;3;3;3;2;1;5;4;1;3;2;3;3;5;5;5;2;3;3;3;3;3;2;3;3;2;5;3;5;5;3;4;4;4;5;2;2;2;3;5;5;3;4;3;4;4;5;3;4;1;2;3;3;5;5;1;5;2;5;4;3;3;3;5;2;3;4;1;4;1;3;5;3;3;4;3;0;1
10110022;4;2;1;4;5;4;3;3;3;4;5;5;2;4;4;1;4;4;3;4;2;2;4;5;3;4;3;4;4;4;1;3;3;5;4;4;2;5;3;1;2;4;4;3;3;2;4;5;4;3;4;2;4;4;4;3;5;4;4;3;2;4;5;4;5;4;4;4;5;3;4;4;2;3;4;4;3;4;4;2;3;1;4;4;2;3;4;3;4;4;4;3;2;5;5;4;4;3;4;4;4;4;2;4;4;3;3;3;2;3;4;0;1
10110024;4;1;4;5;4;2;1;4;3;5;4;5;2;4;4;1;3;5;2;4;2;4;3;4;2;4;2;4;4;4;2;2;1;4;4;4;2;5;2;1;2;4;5;2;3;1;2;5;4;4;5;1;4;4;3;5;2;4;5;4;2;5;5;2;4;2;2;4;4;4;2;3;1;4;5;3;2;3;4;4;4;5;4;4;5;4;5;5;5;5;5;3;3;4;5;3;5;4;5;2;5;5;1;4;1;2;5;4;3;4;5;0;1
10110025;4;2;2;4;5;3;2;4;4;5;4;5;4;3;4;2;1;5;5;5;4;5;5;5;2;5;2;3;3;1;2;3;3;5;4;4;1;4;2;2;2;5;4;3;3;2;3;4;3;3;4;3;5;3;5;4;4;3;3;4;2;4;5;3;4;5;1;4;2;5;1;4;3;4;3;3;2;3;5;4;2;5;3;3;2;4;5;1;3;3;5;5;1;5;4;4;4;4;4;2;5;4;1;5;4;2;5;3;4;4;4;0;1
10110028;4;2;2;2;4;2;3;3;3;3;4;3;3;3;4;2;4;4;3;4;2;4;3;4;4;4;2;4;2;4;3;3;3;3;3;2;4;4;4;2;3;4;4;3;3;3;2;4;4;3;4;2;4;4;4;4;3;3;4;4;3;5;4;3;3;4;4;3;3;4;2;2;2;4;3;3;2;4;3;3;4;3;4;3;3;4;4;2;4;3;3;4;4;4;5;4;3;3;3;4;4;4;2;3;3;4;3;3;4;4;4;0;1
10110031;5;1;1;5;5;5;5;5;5;5;5;5;5;1;5;1;5;5;5;5;5;5;5;5;5;5;3;5;5;5;1;5;5;5;5;4;4;5;5;1;3;5;5;5;3;1;4;5;1;2;5;1;5;5;2;5;5;2;5;5;1;5;5;5;5;3;5;5;5;5;2;5;2;1;5;5;4;5;5;4;5;5;3;5;1;5;5;1;5;5;5;5;1;5;5;3;5;3;5;5;3;5;1;5;2;5;5;2;5;4;5;0;1
10110032;5;2;2;3;3;5;3;3;3;4;4;3;2;3;4;2;3;4;1;4;4;3;3;3;3;5;4;4;5;5;2;5;3;5;4;4;3;5;4;1;4;5;3;3;4;2;2;4;3;3;4;4;4;5;5;4;3;3;1;4;3;5;4;3;2;3;5;4;3;3;3;3;3;4;4;4;2;4;4;4;4;5;5;4;2;4;5;1;5;3;4;3;4;2;5;4;2;3;5;5;4;5;1;5;3;3;4;5;3;4;4;0;1
10120001;4;2;1;4;5;5;4;3;4;4;5;2;5;2;3;1;5;3;5;5;2;2;4;5;4;4;4;5;3;4;3;4;2;4;3;4;4;5;4;2;3;3;5;3;4;2;2;2;3;3;5;2;5;5;3;4;4;2;3;4;1;5;5;4;4;2;5;5;4;5;4;2;3;4;5;4;2;4;4;4;5;1;4;4;2;4;5;2;5;5;3;3;1;5;5;3;2;3;3;4;3;4;3;4;4;3;4;4;3;4;4;0;1
10120003;5;1;1;4;5;5;3;5;4;5;5;1;5;2;4;1;4;4;4;5;4;4;4;5;5;5;5;5;5;4;2;5;2;5;5;5;5;5;5;1;4;5;5;4;4;1;2;5;4;5;5;3;5;5;5;2;5;2;3;4;2;4;5;5;5;3;5;4;4;4;4;1;2;4;5;2;1;5;4;4;4;5;4;4;2;5;5;2;5;5;3;4;1;4;4;3;2;3;4;5;3;4;4;4;2;5;3;4;4;3;3;0;1
10120005;5;4;1;4;5;2;4;2;5;5;4;5;5;5;5;1;5;3;5;5;1;2;4;3;5;4;2;5;4;4;2;3;2;4;5;4;5;4;5;2;2;4;4;5;5;2;2;3;5;5;4;1;5;5;4;4;4;1;5;4;2;5;5;5;4;4;4;5;5;4;5;1;3;4;5;4;2;5;5;5;5;5;4;4;1;3;4;2;4;4;2;2;2;5;4;5;4;4;4;2;3;4;2;5;1;5;4;5;1;5;4;0;1
10120006;5;1;2;5;5;5;4;4;1;4;4;1;1;2;4;1;5;4;1;4;1;3;4;5;2;3;4;5;4;4;3;5;2;3;4;4;1;4;4;2;4;4;4;3;4;3;2;2;4;1;5;3;5;5;3;3;4;5;4;2;2;5;5;3;3;1;4;5;4;4;1;4;2;4;4;5;1;2;4;4;3;4;4;5;1;4;5;1;5;2;2;2;1;2;5;3;3;2;4;5;4;5;1;4;2;4;3;3;2;4;4;0;1
10120008;5;2;3;3;3;4;4;5;3;3;3;4;4;4;4;2;2;3;4;4;3;3;2;4;3;3;4;3;3;3;1;2;2;5;3;4;3;3;3;3;2;5;4;3;3;4;3;4;3;2;5;3;4;3;5;3;5;4;3;4;1;5;5;3;4;4;5;3;5;3;2;4;3;3;5;5;2;2;4;4;3;2;4;5;1;4;5;1;5;5;4;4;3;3;5;2;2;4;4;2;4;5;2;5;5;2;3;2;2;2;4;0;1
10120009;3;1;2;4;3;5;3;3;2;3;5;2;1;2;4;1;5;5;4;5;5;4;5;3;4;3;2;2;3;3;3;3;2;3;4;2;4;5;4;4;2;3;3;2;4;2;3;5;2;1;5;3;4;5;5;4;3;2;2;4;3;5;5;5;1;3;5;4;3;1;3;2;3;4;4;2;2;4;4;4;4;4;2;2;2;4;4;2;4;4;2;3;2;2;4;3;2;2;4;3;4;2;3;4;1;4;4;3;4;4;4;0;1
10120012;5;1;1;5;3;5;3;5;5;5;5;3;5;2;4;1;2;5;5;4;1;4;5;5;3;5;3;5;4;5;4;5;1;5;2;4;2;5;4;1;3;5;5;2;3;2;3;5;1;5;5;2;5;5;3;3;3;1;4;3;1;5;5;4;4;5;5;4;5;5;4;2;4;4;4;2;2;4;5;5;4;3;5;3;3;5;5;2;5;5;4;3;1;5;5;2;5;3;4;4;4;5;1;2;4;1;5;4;2;4;5;0;1
10120013;5;4;3;3;4;3;3;4;2;3;3;2;2;4;5;2;3;2;1;4;4;3;3;4;4;4;4;5;3;3;5;4;1;5;4;2;2;3;3;2;3;3;4;4;3;3;3;4;4;3;3;3;3;3;5;3;3;3;2;3;2;3;3;3;2;4;2;4;3;2;2;3;3;3;2;4;4;3;4;4;3;4;3;3;1;3;4;3;4;4;2;3;3;3;3;4;3;2;3;3;3;4;3;4;2;3;3;4;4;3;4;0;1
10120015;4;2;2;3;4;5;4;4;4;4;5;2;4;4;3;2;3;4;4;4;3;3;3;4;2;4;4;3;4;3;3;4;5;4;2;2;4;5;4;2;2;4;4;4;3;3;4;2;4;4;3;2;4;5;4;3;4;3;3;4;3;3;4;3;3;3;5;4;4;2;4;2;3;3;4;2;2;3;4;3;3;4;4;3;4;4;4;2;4;5;2;3;2;4;4;4;4;3;4;3;4;4;3;3;2;3;3;2;3;3;4;0;1
10120019;5;2;1;4;4;5;2;4;2;5;4;2;2;1;4;1;2;3;1;4;4;4;4;5;4;4;4;4;3;3;2;4;4;4;1;2;3;5;3;2;4;5;4;2;3;2;3;4;2;3;4;3;4;5;4;3;3;2;3;2;1;4;5;3;2;3;5;4;4;2;3;3;4;3;2;2;2;3;4;4;3;2;4;4;3;4;5;2;5;5;1;2;2;2;4;4;3;3;2;4;4;4;2;3;5;5;5;4;2;4;3;0;1
10120020;5;2;1;4;5;5;4;4;4;5;4;4;4;2;4;2;2;4;4;4;3;3;3;3;3;4;4;5;3;5;2;4;3;5;3;4;3;5;4;2;4;3;5;3;4;2;4;1;3;2;4;2;4;5;4;5;4;1;3;3;1;5;5;3;3;4;3;5;4;4;3;4;4;4;5;5;2;4;5;5;5;5;5;5;1;3;5;1;5;5;4;4;1;5;5;5;4;4;3;5;2;4;1;4;1;3;5;5;2;4;5;0;1
10120021;5;2;2;5;5;4;2;4;4;5;3;1;2;1;5;1;4;3;4;4;3;4;3;3;4;5;2;5;4;4;3;2;2;5;5;5;4;5;5;2;2;5;5;4;4;2;2;2;4;3;5;2;4;4;4;5;4;2;4;4;2;4;4;4;2;4;4;4;4;3;4;2;3;4;4;4;2;4;4;1;4;5;3;4;2;4;4;2;4;4;3;2;2;3;4;4;2;4;4;2;4;5;1;4;1;5;5;5;4;4;4;0;1
10120022;4;2;2;4;5;4;5;5;3;5;5;2;2;1;4;1;1;4;2;4;3;4;4;4;3;4;2;4;4;4;3;3;1;5;2;3;3;5;4;1;2;4;5;3;3;3;2;4;2;2;5;2;5;5;4;5;3;5;2;3;2;4;5;3;3;4;5;5;3;3;1;2;3;4;3;3;3;4;5;5;4;4;4;5;1;3;5;2;4;3;2;5;1;4;4;4;3;3;5;5;3;4;1;4;4;3;5;5;3;3;5;0;1
10120023;4;2;2;4;4;4;3;5;3;2;4;2;3;4;3;2;4;3;3;3;1;3;4;4;2;2;3;4;3;4;2;4;4;3;3;4;3;4;3;3;2;3;4;3;4;4;2;3;3;3;4;2;4;4;3;3;4;3;3;3;2;4;4;4;4;3;4;4;3;3;4;3;2;2;4;4;4;3;3;5;4;5;2;4;2;3;4;3;4;4;4;4;2;3;3;4;3;3;2;4;3;4;3;4;4;3;4;3;3;3;3;0;1
10120024;4;5;1;3;5;4;2;5;2;2;1;5;1;4;4;4;2;1;1;3;1;4;2;3;4;3;4;5;3;1;5;2;2;3;2;4;1;3;3;5;2;4;4;4;4;3;4;4;5;3;3;4;5;2;2;2;5;5;2;4;3;2;5;4;2;2;1;3;2;3;5;4;1;2;5;4;4;2;3;4;3;5;2;4;1;3;4;1;4;4;5;5;3;3;1;3;3;4;3;1;3;1;1;5;2;1;4;3;1;2;3;0;1
10120025;5;1;1;5;3;5;3;3;4;4;5;1;3;2;4;1;3;3;4;3;3;3;5;4;4;4;4;5;4;5;2;4;2;4;4;4;4;5;4;2;4;3;5;3;3;2;2;4;3;2;5;2;5;5;4;4;5;2;4;4;2;5;5;4;3;5;5;3;3;4;4;2;4;4;3;4;2;4;4;4;3;5;4;5;2;4;5;2;5;5;3;2;2;5;5;5;3;4;4;4;3;4;1;4;3;4;4;4;4;4;4;0;1
10120026;5;3;1;5;3;5;5;5;5;3;5;1;5;4;4;1;2;4;5;3;3;3;5;4;5;5;5;3;3;5;1;5;2;5;5;3;4;5;5;2;5;5;4;4;4;1;3;5;5;5;5;2;5;5;5;4;5;1;5;5;1;5;5;5;5;5;5;4;5;3;4;2;3;4;4;4;3;5;5;4;5;3;5;3;1;5;5;2;5;5;2;2;1;5;5;3;2;4;4;5;4;5;3;5;5;5;5;5;1;5;5;0;1
10120027;4;2;2;3;4;4;5;4;5;3;3;1;2;2;3;2;3;3;2;4;3;3;3;4;3;3;2;3;2;4;2;3;3;3;3;3;2;3;3;3;2;2;3;3;2;4;3;3;4;1;2;3;4;5;5;2;4;4;3;2;2;3;3;4;2;3;3;4;4;3;2;3;4;2;2;3;2;2;3;3;2;4;3;3;2;3;3;3;3;4;3;3;3;2;3;4;2;4;3;4;3;3;3;3;1;2;3;3;2;3;3;0;1
10120028;4;2;2;3;3;5;4;4;1;3;4;1;1;3;3;2;1;3;1;4;1;3;4;1;3;2;5;3;3;2;4;5;2;4;3;3;5;5;3;5;5;1;3;4;3;2;2;1;3;1;5;1;4;5;2;2;3;4;2;3;2;4;4;2;1;4;5;3;1;1;1;2;2;4;2;2;1;5;2;3;4;5;5;2;2;4;5;3;2;1;1;3;2;1;3;3;4;2;3;5;4;5;3;4;1;5;5;4;3;4;4;0;1
10120030;5;4;2;5;4;5;2;4;5;4;4;2;5;1;4;1;3;3;5;5;5;4;4;5;4;4;3;5;4;4;2;5;2;4;4;4;3;5;5;2;4;3;4;2;3;2;4;3;5;5;5;3;5;5;5;3;3;1;3;2;4;5;5;5;2;4;5;4;3;4;5;1;3;4;5;1;1;5;5;3;5;4;4;5;4;3;4;2;5;5;3;3;2;5;5;4;2;3;5;4;3;3;4;3;3;3;3;5;4;5;4;0;1
10130001;4;3;1;3;5;5;4;5;4;3;4;5;5;5;3;4;1;3;5;2;3;2;4;5;3;4;2;5;3;5;2;3;5;4;5;2;4;5;4;2;2;5;5;4;3;3;2;4;4;3;4;3;5;5;5;3;4;2;4;4;2;4;4;4;5;5;5;3;5;3;4;5;1;2;5;5;4;4;4;5;4;1;4;3;2;3;4;2;4;4;1;2;2;5;2;4;3;4;3;3;2;4;2;4;1;2;4;3;2;3;4;0;1
10130003;4;1;1;5;2;4;4;5;4;2;4;1;3;3;4;1;5;3;4;4;2;2;4;4;4;4;4;2;4;4;1;5;4;4;3;4;4;5;4;2;5;4;4;5;4;1;3;3;5;5;3;4;4;5;5;3;3;4;3;3;2;2;1;4;1;2;4;1;2;1;3;2;3;1;4;4;2;5;2;3;3;5;4;2;3;3;3;3;3;4;2;3;3;3;2;3;3;2;3;5;3;2;2;5;5;4;4;4;3;4;2;0;1
10130004;4;2;2;4;3;3;4;4;2;3;2;4;1;3;4;2;1;3;1;3;2;3;4;2;4;4;3;3;2;4;3;4;3;4;4;4;2;5;3;2;4;2;4;4;3;3;3;4;4;1;5;4;5;5;5;4;4;4;4;4;3;5;4;3;4;3;3;3;3;3;1;3;4;2;2;2;1;3;2;3;3;4;4;2;3;4;2;2;4;4;5;3;2;1;4;3;4;4;5;4;4;4;3;5;4;3;4;3;4;3;4;0;1
10130005;5;3;1;5;5;2;2;5;5;5;5;1;4;4;5;1;2;5;3;5;1;4;4;3;5;5;5;5;5;4;2;5;1;5;5;4;4;4;4;1;4;5;5;4;5;2;2;4;3;2;5;1;5;5;4;4;4;2;2;5;2;5;5;5;4;5;5;5;5;2;4;1;3;5;4;5;1;5;5;5;5;5;5;5;1;4;5;1;5;5;4;3;1;4;5;4;3;5;5;5;5;5;1;5;2;5;4;5;3;5;5;0;1
10130006;3;2;2;4;2;4;4;4;4;3;4;5;2;1;3;1;3;4;2;4;5;4;4;4;4;4;2;3;3;4;3;4;1;4;3;3;4;5;4;2;3;3;2;2;3;2;4;4;2;3;4;3;4;4;4;4;4;4;3;3;2;4;4;4;3;2;2;3;3;3;1;2;2;3;3;1;3;5;4;3;3;4;2;3;2;4;5;2;4;4;3;4;2;4;5;3;1;2;4;4;3;4;2;3;4;3;5;4;3;4;2;0;1
10130007;5;1;1;5;5;5;4;4;4;4;5;3;5;2;5;1;1;4;5;5;1;3;4;3;4;4;2;4;4;3;1;5;2;4;3;5;3;5;4;2;3;4;4;3;4;2;3;2;4;5;4;2;4;5;5;3;5;1;4;4;1;5;5;4;4;3;2;5;5;4;4;2;3;4;2;5;1;5;5;5;5;1;2;4;1;4;5;2;5;5;4;3;1;5;5;5;3;3;4;5;3;4;2;5;5;5;5;5;2;5;4;0;1
10130009;4;2;2;4;3;5;3;3;2;4;4;2;2;2;3;1;2;2;1;4;4;2;3;3;2;3;3;4;3;4;2;3;2;5;5;4;3;5;2;4;2;2;3;4;3;1;3;1;4;3;4;2;3;3;3;4;3;4;3;3;3;4;5;3;3;2;5;4;3;4;5;3;3;3;5;4;3;3;4;4;3;1;3;2;1;3;3;2;4;3;3;3;2;2;4;3;3;3;3;3;2;3;3;3;4;2;4;3;4;3;3;0;1
10130012;3;3;3;3;3;3;3;2;4;4;5;3;4;3;3;1;3;3;3;3;3;3;3;3;3;3;3;3;3;3;2;3;4;3;3;3;3;3;3;3;3;3;3;3;3;3;5;2;3;3;4;3;3;5;2;3;3;1;3;3;3;3;3;3;3;2;4;4;3;4;3;3;3;3;5;3;3;3;3;3;3;3;3;4;2;2;4;2;4;4;2;5;3;5;3;4;3;3;4;3;3;3;3;4;3;3;2;3;3;3;3;0;1
10130013;5;2;1;5;5;5;4;3;5;4;5;2;4;4;5;2;3;4;4;5;2;3;4;5;5;5;5;5;4;4;1;5;2;5;4;5;4;5;5;1;5;5;4;5;4;2;3;4;3;3;5;2;5;5;5;5;5;1;5;5;1;5;4;4;3;3;5;4;4;3;4;3;2;4;5;5;1;5;5;5;4;1;4;4;1;4;5;1;5;5;4;2;2;5;5;5;4;4;4;5;3;4;1;5;5;3;5;4;3;4;5;0;1
10130014;3;2;2;3;3;3;3;3;3;3;3;3;2;2;3;2;2;3;2;3;3;2;3;2;3;3;3;3;3;2;3;3;2;3;3;3;3;3;3;2;3;2;3;3;3;2;2;2;2;2;3;2;3;3;3;3;3;2;3;3;3;3;3;3;2;3;2;3;3;3;2;3;2;3;3;3;3;3;3;3;3;3;3;3;3;3;2;2;3;2;4;3;3;3;3;3;2;3;3;3;2;2;2;3;2;3;2;3;3;3;3;0;1
10130015;3;2;2;3;3;4;3;3;2;3;3;4;4;3;3;2;3;3;3;4;2;3;4;3;3;4;4;2;3;4;3;3;2;4;4;4;3;4;4;3;3;3;3;3;3;2;3;4;4;3;4;3;4;4;3;3;4;3;3;3;2;3;3;4;3;3;2;4;3;3;2;2;2;3;4;3;2;4;4;4;4;2;3;3;2;4;4;2;4;3;4;2;2;4;3;3;3;3;3;4;3;3;2;4;4;3;3;4;3;3;3;0;1
10130016;5;2;2;4;5;4;4;3;3;5;4;2;2;3;4;2;3;2;3;4;2;2;3;4;2;4;3;5;3;4;1;4;1;5;4;2;2;4;3;2;2;4;5;5;4;4;2;2;3;3;5;2;3;4;2;3;3;4;2;4;5;5;4;3;4;3;4;5;4;3;4;3;4;5;3;4;3;1;5;5;4;1;4;4;1;2;4;1;5;5;4;5;2;4;5;5;3;4;5;4;2;5;2;3;1;4;4;3;2;4;4;0;1
10130017;5;2;1;4;3;3;4;5;4;2;2;1;4;2;3;1;1;3;3;2;4;3;3;2;1;4;5;2;2;3;4;4;3;3;2;2;1;5;2;2;4;2;2;2;2;2;4;2;3;4;2;2;3;4;3;3;3;3;2;3;3;3;4;2;2;2;4;3;2;3;1;4;2;3;3;2;1;2;3;3;2;1;3;4;3;3;3;2;3;3;2;4;1;4;4;3;3;2;2;4;2;3;2;4;4;2;2;3;4;2;3;0;1
10130020;3;3;2;2;3;3;3;4;3;3;3;3;2;3;3;3;3;3;3;3;4;3;4;3;3;3;3;3;4;3;2;4;4;4;4;3;2;5;4;3;4;4;4;3;4;4;3;2;3;2;4;2;4;5;4;3;4;4;3;3;3;5;3;3;4;4;4;4;3;3;4;2;4;3;4;4;3;4;4;3;3;2;4;3;1;4;5;2;4;4;4;4;1;4;5;4;2;4;4;4;4;4;3;5;3;3;3;3;3;3;4;0;1
10130021;2;1;1;4;5;5;3;5;3;3;5;5;4;1;3;1;1;5;3;3;5;5;5;4;4;5;5;3;3;4;3;5;3;5;1;5;1;5;2;2;5;5;5;5;5;3;5;5;5;5;5;1;5;5;5;5;5;1;5;3;2;5;5;4;3;5;5;5;5;5;5;3;1;2;3;5;1;4;5;3;3;3;3;1;3;5;5;1;5;5;5;5;1;5;5;5;3;3;3;5;5;5;1;5;1;1;5;5;5;2;5;0;1
10130027;5;2;1;4;5;3;3;4;5;4;5;4;5;2;5;1;1;4;5;3;3;3;5;3;3;5;5;5;4;4;4;3;4;5;4;4;1;4;3;4;3;4;5;4;5;1;4;2;5;3;5;1;5;2;5;2;5;2;4;1;1;5;5;4;3;1;1;5;4;5;4;4;3;3;2;4;3;2;4;5;4;2;3;4;1;3;4;1;5;5;3;4;2;5;4;5;3;2;3;3;4;5;1;5;3;3;5;5;3;3;4;0;1
10130029;5;2;1;5;5;5;2;5;3;5;5;1;3;4;4;1;1;4;3;4;1;4;4;5;4;5;5;5;4;5;1;5;1;5;4;5;4;5;5;1;5;5;5;5;1;1;3;5;4;3;5;1;5;5;5;3;4;3;5;3;1;4;5;4;5;5;5;5;5;4;3;2;5;4;5;5;1;3;5;5;5;1;5;5;3;5;5;2;5;5;5;3;1;4;4;4;3;4;5;5;4;5;1;5;3;4;5;4;2;3;5;0;1
10130030;5;2;1;4;3;5;3;3;5;4;5;5;5;4;3;1;1;3;5;3;1;3;3;3;4;4;3;3;3;5;2;4;2;5;3;3;3;4;3;2;3;2;4;4;3;2;2;3;4;3;4;1;4;4;4;3;4;1;3;4;1;5;4;4;3;5;3;4;4;3;1;1;1;3;3;5;1;3;5;4;3;1;4;4;1;4;3;1;5;5;3;1;2;5;4;4;2;3;5;4;3;3;3;4;4;3;3;4;3;4;4;0;1
10130035;5;2;1;5;4;5;1;2;5;5;5;1;4;4;5;1;5;3;4;5;2;4;5;5;3;5;3;5;2;2;1;4;4;3;5;2;2;3;4;4;2;3;5;4;3;1;2;5;2;4;5;3;4;3;5;3;4;3;4;3;1;5;5;4;3;4;5;5;5;5;5;4;4;5;5;3;4;3;5;5;5;2;3;5;3;4;4;5;5;4;2;3;2;5;5;3;5;4;4;4;4;5;2;5;4;4;5;5;3;3;4;0;1
10130036;4;3;2;5;5;4;5;4;2;4;5;3;3;2;4;1;4;5;4;5;4;1;4;1;4;3;3;3;4;4;1;4;4;4;5;2;4;4;5;5;4;1;4;3;5;1;4;1;5;4;5;2;5;5;4;4;4;3;4;4;1;5;5;4;1;4;4;4;5;5;4;3;1;4;4;4;1;5;4;3;4;2;4;4;1;4;4;4;5;5;2;3;2;4;4;5;5;4;4;5;3;3;3;4;5;4;3;4;3;4;5;0;1
10130037;4;2;3;4;2;4;3;5;2;4;4;2;2;2;3;1;4;2;2;3;3;4;4;3;4;4;4;4;4;3;4;3;1;4;2;4;3;4;3;2;3;4;4;4;4;2;3;4;3;2;4;2;4;3;3;3;3;2;4;3;2;4;4;3;2;4;4;3;2;3;3;2;2;4;3;4;1;4;4;4;4;1;3;4;2;3;4;2;4;3;4;5;2;2;4;3;2;2;3;4;3;3;2;3;3;2;3;4;3;3;4;0;1
10130039;5;2;2;3;3;5;4;3;4;2;4;1;3;3;3;2;2;4;3;3;3;2;4;3;4;3;4;3;3;5;2;4;2;5;4;3;3;5;3;2;4;4;3;2;3;2;2;4;3;5;4;2;4;5;5;4;4;4;3;3;2;4;4;3;2;3;5;4;4;4;2;2;2;2;4;4;2;3;3;4;4;1;3;3;2;4;4;1;4;4;2;1;1;4;3;4;3;2;4;5;3;3;2;3;3;3;3;4;3;3;3;0;1
10130040;4;2;2;4;4;4;3;5;4;4;4;2;4;4;4;1;2;3;4;5;2;2;4;5;4;4;3;4;4;5;1;3;2;5;5;2;3;5;4;1;3;5;5;2;3;2;4;4;4;4;5;4;5;5;4;4;2;1;4;4;3;5;4;4;5;4;4;3;5;2;4;2;5;4;4;4;3;4;4;4;4;1;4;4;3;4;3;4;4;4;2;2;1;5;4;4;2;4;4;4;4;4;4;4;2;4;3;3;1;4;4;0;1
10130042;3;1;2;4;3;5;2;3;2;4;5;1;2;2;4;2;4;3;2;4;4;3;4;4;3;3;3;4;3;3;3;4;2;3;4;3;3;5;3;3;3;2;4;2;3;3;4;4;3;2;4;3;4;5;5;3;3;3;3;3;3;4;4;4;2;4;5;3;3;2;2;3;2;4;5;3;2;3;3;4;3;4;4;4;2;4;5;2;3;3;4;3;2;3;3;4;2;2;4;4;3;3;1;3;4;3;2;3;2;3;4;0;1
10130044;4;4;2;4;4;5;2;5;3;4;5;2;2;2;3;2;3;4;2;3;2;5;4;5;4;5;2;3;4;3;4;4;2;4;4;3;4;5;5;2;3;2;3;2;2;5;4;5;3;2;4;2;4;4;5;4;3;4;3;3;2;4;4;4;3;2;5;3;2;4;2;4;3;4;2;3;3;4;4;3;3;2;3;3;2;3;4;2;3;4;3;4;2;3;4;3;5;2;4;4;3;3;1;2;2;4;4;4;3;4;5;0;1
10130046;4;2;1;4;3;4;3;3;5;3;5;2;5;5;4;1;2;5;4;3;2;3;5;5;4;4;5;3;2;5;3;5;2;5;3;4;2;5;3;1;3;5;5;3;3;2;3;5;5;5;4;3;5;5;5;3;4;2;3;3;1;5;5;3;4;5;5;4;4;4;3;4;3;4;5;5;3;3;3;4;3;5;4;4;1;5;5;1;4;4;4;2;1;5;5;5;4;5;4;5;3;5;1;5;3;2;4;4;3;3;5;0;1
10130050;4;4;2;3;4;4;3;4;3;3;3;3;3;2;3;2;2;3;4;3;2;3;4;2;3;3;4;2;2;3;5;5;4;4;4;4;2;5;3;3;3;3;3;2;2;2;3;3;3;4;4;2;4;5;3;3;2;1;4;2;3;5;5;3;3;2;4;3;2;5;3;5;1;3;4;3;3;4;3;5;4;1;3;3;2;3;3;1;4;4;4;5;1;4;4;3;3;4;2;3;3;4;2;4;3;3;3;3;4;3;3;0;1
10130054;4;4;3;3;2;2;3;4;3;3;2;3;1;3;3;2;4;3;1;3;3;3;4;2;3;4;4;3;2;3;3;5;5;5;3;3;3;5;5;1;4;1;4;2;3;3;3;3;3;3;4;3;4;5;3;4;3;4;2;3;3;5;5;2;1;5;1;3;3;1;1;5;1;5;1;1;5;3;5;3;4;1;5;2;4;4;3;1;4;2;5;5;2;1;3;4;3;3;4;5;3;2;2;2;5;3;5;4;5;3;4;0;1
10130055;4;3;1;4;2;5;4;1;5;5;5;2;3;2;5;1;3;5;3;4;2;4;5;3;3;5;5;2;3;4;4;5;3;4;3;3;2;5;3;4;3;2;4;3;3;3;2;5;4;4;5;3;5;3;3;4;4;3;4;3;2;5;5;3;4;2;2;4;2;5;5;4;3;3;3;3;2;3;5;3;3;3;3;3;3;5;3;2;4;4;5;3;1;3;5;3;4;4;3;3;4;3;2;4;4;4;4;3;2;3;4;0;1
10130056;4;1;1;5;4;5;3;3;4;3;5;3;5;2;3;1;3;4;5;4;3;2;4;4;4;4;3;4;3;4;2;4;2;4;4;2;3;5;4;1;3;4;4;4;4;4;2;4;3;4;5;3;5;5;4;4;4;1;3;3;1;5;4;4;5;3;5;4;4;5;4;5;3;3;5;4;3;5;4;2;4;2;4;4;1;5;5;1;4;5;3;3;2;5;4;3;4;2;3;4;3;4;3;4;3;2;4;3;4;3;4;0;1
10130058;4;2;1;4;4;5;4;4;3;3;4;2;3;3;3;1;3;4;3;2;2;4;4;4;2;4;3;3;2;4;2;4;2;4;3;3;2;5;4;2;2;4;4;3;2;2;3;4;3;3;4;2;4;5;4;4;4;3;3;2;2;4;4;2;3;4;5;4;4;4;3;3;3;4;4;4;2;4;4;4;2;2;3;4;1;4;5;2;4;4;3;2;3;4;5;3;3;2;3;4;4;5;2;4;3;3;4;4;3;3;4;0;1
10130062;4;4;1;4;5;4;2;4;2;4;3;2;1;2;5;1;4;3;1;5;4;4;3;2;4;2;4;3;3;3;3;4;2;2;5;2;3;3;4;4;2;2;4;4;4;1;2;1;4;3;3;1;4;3;5;3;4;3;4;4;2;5;5;5;1;3;4;3;4;2;1;2;1;4;3;4;3;4;5;3;4;1;4;2;3;3;4;5;5;4;3;4;2;2;4;5;3;5;4;4;3;4;3;4;2;5;3;4;4;5;4;0;1
10130063;5;5;1;5;5;5;1;5;5;5;4;5;5;5;5;1;1;4;5;5;5;5;5;4;5;4;5;5;4;5;2;5;1;5;5;5;3;5;5;1;5;5;5;3;5;1;4;5;5;5;5;1;5;5;5;5;5;1;1;5;1;5;5;5;5;4;5;4;5;5;5;5;1;3;2;5;1;5;5;5;5;2;5;4;2;4;5;1;3;5;5;5;1;5;5;5;5;5;4;5;5;5;1;5;2;5;4;4;1;5;5;0;1
10150002;4;1;1;4;5;5;5;2;4;2;3;4;3;4;3;2;5;4;2;4;2;3;3;4;3;4;3;4;3;5;2;5;4;4;5;2;4;5;4;1;4;3;3;4;4;2;3;2;3;3;4;3;5;5;3;2;3;3;4;3;2;4;5;5;1;3;4;5;5;2;4;3;3;3;4;5;1;5;4;4;5;2;4;4;1;5;5;2;5;5;2;3;1;4;4;4;3;4;4;5;3;5;3;5;4;5;2;3;2;4;5;0;1
10150005;4;2;2;4;3;3;3;3;2;4;5;1;2;3;3;1;2;4;2;3;2;4;3;4;3;3;3;4;5;4;3;3;3;3;3;4;2;5;3;3;3;3;3;2;3;3;3;4;2;2;4;2;4;5;3;4;3;3;4;3;3;3;4;3;4;3;3;3;3;3;3;2;2;4;3;3;2;3;4;3;2;4;3;3;3;3;3;3;4;3;3;3;2;2;4;3;3;3;3;3;3;3;3;3;2;4;4;3;3;3;3;0;1
10150007;3;2;4;2;3;4;4;3;1;1;1;1;1;4;3;2;4;3;1;3;1;4;3;1;4;2;4;4;4;5;2;5;3;4;2;1;2;4;3;3;5;1;2;4;3;2;2;2;5;1;3;1;3;4;3;3;3;2;3;4;2;3;2;2;2;4;5;4;3;3;4;3;5;4;2;5;2;4;2;4;3;1;5;2;3;2;3;2;3;4;2;2;2;1;3;3;3;4;3;3;2;2;2;5;4;3;1;3;3;3;4;0;1
10150015;1;1;1;4;3;3;1;3;4;2;5;3;2;1;3;2;3;4;2;1;3;4;5;5;3;5;1;3;3;5;2;4;2;3;3;2;2;5;3;3;2;5;3;2;3;3;1;5;3;3;5;2;5;5;3;5;3;5;5;3;3;3;5;2;4;4;5;2;4;3;3;3;4;5;3;4;3;2;3;4;2;3;1;3;1;5;5;2;5;3;1;1;2;3;5;4;2;5;3;5;5;2;2;3;3;3;3;2;3;3;3;0;1
10150019;5;3;3;3;3;5;3;3;3;4;5;1;3;3;3;1;3;4;4;3;3;3;4;4;3;5;5;3;3;5;3;5;5;3;3;3;3;5;5;1;3;4;4;3;3;1;4;3;4;5;5;3;5;3;3;3;3;4;3;3;3;3;3;3;3;3;3;3;3;3;5;4;3;3;4;4;3;3;3;3;3;3;2;4;2;5;4;3;4;3;1;3;4;4;5;5;4;3;3;4;3;4;4;4;4;4;3;3;4;4;4;0;1
10150023;3;3;2;5;5;5;4;2;2;2;3;3;3;3;1;4;3;2;3;4;3;3;2;3;2;3;3;2;3;3;3;1;3;2;4;2;2;1;2;3;2;3;1;2;2;2;3;1;2;2;2;2;2;2;3;2;3;2;3;2;2;3;2;3;2;3;3;2;3;1;2;3;2;3;2;2;2;2;3;3;3;2;3;3;4;2;2;1;1;3;2;3;2;3;3;1;1;1;2;2;1;2;2;2;2;2;1;2;2;2;2;0;1
10150025;3;2;4;4;4;2;4;1;1;4;5;4;1;3;4;3;3;4;1;3;5;3;3;2;4;5;4;4;3;1;5;2;3;3;3;3;3;2;3;3;2;2;3;4;2;5;3;2;4;1;3;4;2;5;2;3;4;2;2;4;3;4;4;2;1;5;5;3;3;1;1;3;3;4;2;2;3;3;4;3;3;2;4;3;1;2;4;4;4;3;2;4;4;1;4;3;4;3;3;4;3;3;2;2;3;4;2;4;3;3;4;0;1
10150026;4;2;1;1;2;5;5;5;5;5;5;2;3;1;4;1;1;5;5;4;4;3;5;4;4;5;4;3;4;4;2;5;3;5;3;3;2;5;4;2;4;4;4;1;3;1;2;5;4;3;5;1;5;5;4;5;4;3;4;5;2;5;5;3;2;4;5;4;3;1;3;2;4;3;3;4;1;5;5;5;3;5;5;3;3;5;5;1;5;4;4;3;1;5;5;3;2;2;4;5;3;5;1;4;5;3;4;4;3;4;4;0;1
10150035;5;1;2;5;5;5;3;1;1;1;5;2;1;2;3;1;3;5;1;3;5;2;5;5;2;3;5;5;1;2;4;5;5;3;5;1;2;5;2;1;5;5;5;1;1;5;5;5;5;1;5;3;5;5;5;3;1;5;4;1;2;5;5;5;4;1;5;5;5;4;1;5;3;4;5;5;1;3;3;5;1;1;5;5;3;5;5;1;5;5;1;3;1;1;3;5;5;3;1;5;2;5;1;5;5;5;3;1;1;2;2;0;1
10150046;4;1;1;5;4;5;4;4;4;4;5;2;5;3;4;1;4;4;5;5;5;3;5;5;5;5;3;4;5;4;2;4;2;5;5;3;4;5;4;2;3;4;4;4;4;2;5;3;4;3;5;2;5;5;5;4;5;1;4;3;2;5;5;5;4;3;5;4;4;4;4;2;3;4;5;5;3;4;4;2;4;5;2;5;1;5;5;1;5;4;3;5;1;5;4;4;4;3;3;4;4;5;2;4;2;4;3;4;3;5;5;0;1
10150048;4;2;4;3;4;4;3;3;3;3;5;3;3;2;3;4;2;4;3;4;3;4;4;3;4;4;4;4;2;4;3;3;3;4;3;4;3;5;4;3;4;4;5;3;3;3;3;4;3;1;5;4;5;5;5;3;3;3;5;4;5;5;5;3;2;5;5;4;4;2;3;3;2;3;4;4;2;5;4;3;3;3;5;4;3;4;5;4;4;3;4;2;3;3;5;3;5;3;5;3;4;4;4;3;3;4;3;4;4;4;5;0;1
10150049;5;3;1;5;5;5;5;5;2;5;5;1;3;2;4;1;1;3;3;5;2;1;3;1;4;2;4;3;4;3;4;4;1;4;5;2;4;4;5;2;4;4;3;4;2;2;2;5;3;1;5;1;3;4;4;3;2;2;4;3;1;4;4;4;3;4;3;4;3;2;4;2;1;4;5;4;1;4;5;3;2;3;3;4;1;3;4;1;4;2;1;2;1;4;4;4;4;3;4;4;3;1;1;4;4;3;4;3;3;1;4;0;1
10150051;3;1;3;4;3;5;3;3;2;4;4;5;1;1;3;4;1;2;1;4;5;5;2;5;2;3;4;2;4;2;5;2;4;4;2;1;4;5;4;2;2;3;2;3;2;4;1;1;4;3;4;4;4;5;5;2;3;5;3;3;3;4;2;3;3;2;3;3;3;3;1;3;1;4;2;2;2;3;3;3;3;1;3;2;4;4;3;2;3;2;1;4;2;2;3;2;4;2;3;4;2;3;3;3;4;3;1;3;4;2;3;0;1
10150060;4;1;2;5;4;4;4;1;2;3;3;1;4;3;3;1;5;4;5;3;1;3;4;4;4;4;5;4;4;5;4;5;3;5;5;5;2;4;4;1;5;4;4;5;4;2;5;3;5;4;4;2;5;4;4;4;5;1;5;4;1;4;5;5;5;5;4;4;5;2;5;5;3;4;4;5;2;4;4;4;4;2;5;4;1;5;5;5;4;5;4;1;1;5;4;4;4;4;4;5;4;4;3;5;5;4;2;4;2;4;4;0;1
10150071;4;3;2;4;5;4;4;4;3;4;4;2;4;4;4;2;4;4;4;4;3;4;4;2;4;4;3;4;2;3;3;4;2;4;4;4;3;4;3;4;3;2;4;3;3;2;4;4;3;2;4;2;4;4;2;3;3;4;4;4;2;4;4;3;2;4;4;4;4;4;2;4;1;3;2;2;2;3;4;4;4;3;3;4;2;3;4;2;4;3;4;3;3;4;4;4;2;3;4;4;4;3;3;3;3;3;3;4;4;3;4;0;1
10150073;5;1;1;5;5;5;3;5;4;4;5;1;3;3;4;1;5;4;3;5;2;3;4;4;5;4;3;4;4;3;1;4;2;5;5;4;4;5;5;2;4;4;5;5;4;1;3;4;4;4;5;1;5;5;4;3;3;1;4;4;1;5;5;5;4;4;5;5;5;4;4;2;3;4;4;5;2;5;4;4;4;1;4;4;1;4;5;2;5;5;3;2;1;4;4;5;4;4;4;4;4;4;2;4;5;5;4;4;1;4;4;0;1
10150074;5;3;1;4;3;2;2;4;3;5;3;4;5;4;3;2;5;5;5;3;2;4;3;3;3;3;3;3;5;3;3;3;2;3;2;2;4;4;3;3;3;3;3;3;4;3;3;3;3;5;4;3;4;4;4;3;3;2;3;4;3;5;4;3;4;2;2;3;3;3;3;1;4;4;3;3;1;5;3;4;4;5;5;3;2;3;2;3;4;3;2;3;2;5;5;3;2;5;4;3;3;3;2;3;3;3;2;4;2;3;4;0;1
10150077;4;1;1;5;5;4;2;3;5;5;5;2;4;1;5;1;4;5;5;5;1;3;4;4;5;5;3;4;5;5;1;3;1;5;5;3;4;5;5;2;4;4;5;5;5;1;4;4;5;5;5;1;5;5;5;4;5;1;4;5;1;5;5;5;3;3;5;4;5;3;5;2;3;4;2;3;2;5;5;4;5;5;4;4;2;5;5;1;5;5;2;4;2;5;5;5;2;5;5;3;3;4;2;5;2;5;5;5;3;5;5;0;1
10160077;2;4;2;4;2;4;5;3;5;5;5;2;5;2;3;1;2;5;5;4;4;4;4;3;2;5;5;3;3;4;3;3;1;4;4;4;2;4;2;3;2;3;4;2;3;3;3;4;3;2;5;3;4;4;2;4;3;2;4;4;2;5;4;4;3;4;3;4;3;5;2;3;2;4;4;3;2;1;4;2;2;5;4;3;3;4;4;2;4;4;4;3;2;5;4;3;4;3;3;3;3;4;3;3;3;3;4;3;4;3;3;0;1
10160078;4;4;3;2;2;4;4;3;1;3;2;5;1;3;3;4;1;3;1;3;1;2;3;2;3;3;3;3;3;3;3;3;2;3;4;3;3;4;4;3;3;3;3;3;3;3;1;3;3;1;3;2;4;4;4;4;5;1;3;3;2;5;4;1;4;3;4;4;3;3;3;2;3;4;3;3;3;4;4;4;4;5;4;3;2;5;5;1;2;4;5;4;1;4;5;2;4;4;4;4;3;5;1;5;2;4;5;5;3;4;4;0;1
10160081;4;2;1;5;4;5;3;4;3;4;4;2;4;5;5;1;5;4;4;4;2;4;4;5;4;5;4;3;4;3;2;5;4;4;2;4;3;5;1;2;3;5;5;4;4;2;4;4;5;3;5;2;5;5;4;3;5;2;5;3;1;5;5;2;5;4;5;4;5;5;3;5;3;2;5;5;3;3;5;3;4;2;4;3;2;5;5;4;5;5;1;4;1;4;5;3;4;5;4;5;4;5;4;5;4;4;4;2;3;4;4;0;1
10160085;5;2;2;5;3;3;5;5;4;3;3;1;2;5;3;2;1;3;3;2;2;3;3;3;3;3;4;2;2;4;3;4;3;4;3;2;2;5;3;3;3;3;3;2;2;2;2;3;4;2;3;4;3;5;4;3;2;3;4;3;3;4;3;3;3;3;5;4;3;3;1;4;2;3;2;4;3;3;3;3;3;3;3;3;3;4;3;2;3;3;2;3;2;4;4;3;3;3;3;3;3;3;3;3;2;3;4;4;3;3;3;0;1
10160086;4;1;2;4;3;5;2;5;2;3;2;1;1;3;3;2;2;3;1;3;4;4;4;3;4;3;4;3;3;2;3;4;2;4;3;3;3;5;4;3;4;4;3;2;2;3;3;4;3;1;5;3;4;5;3;3;3;4;3;2;3;5;4;3;3;3;3;2;3;1;3;2;1;3;2;3;2;4;3;4;3;5;2;4;1;4;3;2;4;2;3;1;1;1;4;2;3;3;3;4;3;3;2;3;2;2;2;3;4;4;4;0;1
10160089;3;1;4;2;2;3;4;2;1;4;1;1;1;5;4;2;1;4;1;5;5;2;4;1;3;4;3;3;3;3;3;5;3;4;4;3;3;4;5;5;4;1;3;1;4;3;2;2;2;1;4;1;3;4;4;3;4;3;2;3;2;3;3;3;3;3;2;3;2;2;3;1;1;4;3;4;2;4;4;5;3;5;4;3;2;4;3;2;2;5;1;2;2;1;3;3;3;5;4;5;3;4;2;4;3;3;2;4;3;4;3;0;1
10160093;2;3;2;3;4;3;4;2;1;4;3;1;1;3;3;3;3;3;1;4;3;1;4;5;2;3;4;2;2;2;4;4;2;2;4;2;2;4;3;2;4;3;3;4;3;2;2;2;4;2;4;2;5;4;4;3;3;2;4;4;3;3;4;3;3;2;3;3;4;2;3;2;1;3;3;4;1;4;4;4;4;5;2;3;2;4;5;2;4;2;2;2;2;1;3;3;2;4;3;4;2;4;2;5;2;2;4;4;4;3;4;0;1
10160094;5;3;2;3;2;3;3;4;4;5;3;3;4;3;3;3;3;3;3;5;3;3;5;3;3;5;3;3;3;5;4;5;2;5;4;5;3;5;5;2;3;2;5;3;4;3;5;2;4;2;4;3;5;4;3;5;5;4;4;4;1;5;5;2;2;5;2;4;4;3;4;3;2;4;2;4;2;4;3;5;5;1;4;4;2;4;3;2;5;5;3;2;2;2;5;2;3;3;4;5;4;4;2;4;1;3;5;5;4;3;5;0;1
10160099;4;1;3;4;4;5;4;3;2;3;4;2;2;3;4;2;5;3;2;4;2;3;4;3;2;4;4;2;3;3;2;4;3;4;4;2;3;4;3;3;4;3;4;2;3;3;3;2;3;2;4;2;4;4;3;4;3;4;4;3;2;4;4;3;2;3;4;3;3;2;3;3;2;3;4;4;2;3;4;2;3;5;2;3;2;4;4;2;3;3;2;2;2;2;3;3;2;3;3;4;4;3;3;3;2;3;2;4;3;3;3;0;1
10160109;4;4;4;5;4;4;2;3;2;4;3;5;2;3;2;2;2;3;3;4;1;3;3;2;3;3;3;3;4;3;3;3;3;3;5;2;3;5;3;3;4;2;3;3;3;3;3;3;3;3;3;3;3;3;3;3;4;3;3;3;3;3;3;3;4;3;3;3;3;2;3;3;3;2;3;3;2;4;3;3;3;5;3;3;3;3;4;4;3;3;3;3;3;3;3;3;3;3;3;3;3;4;3;3;3;3;3;4;4;4;3;0;1
10160111;3;3;2;4;2;4;2;2;2;2;3;2;1;3;3;3;2;4;1;2;1;2;4;4;2;3;4;2;1;3;3;4;4;2;5;3;1;4;2;4;4;4;2;4;2;2;4;1;4;1;4;2;4;4;2;3;4;4;3;3;4;3;4;3;3;5;2;4;3;3;1;4;2;2;5;5;1;2;2;4;2;1;5;3;2;3;4;2;4;2;3;3;3;1;3;2;2;3;2;4;1;3;1;3;4;2;1;3;2;2;2;0;1
10160116;2;1;1;5;4;5;3;5;2;4;5;1;2;3;4;1;4;4;2;1;3;2;4;4;4;4;4;3;4;4;3;5;2;4;5;4;4;5;4;2;5;4;5;2;5;2;1;4;4;3;5;4;5;5;5;4;3;2;4;3;2;4;4;3;3;4;5;4;4;3;3;2;2;4;4;4;2;4;3;3;4;2;4;3;2;3;4;3;3;4;3;2;2;3;5;3;3;3;3;4;3;4;2;4;4;3;3;4;3;4;2;0;1
10160119;4;3;3;2;4;2;3;2;1;4;2;1;2;2;3;2;2;4;2;2;4;4;3;2;3;2;2;3;2;3;4;2;2;4;4;3;3;3;3;2;2;3;2;3;3;3;3;1;3;2;3;2;4;4;2;4;2;2;3;2;2;4;3;2;1;4;2;2;2;2;2;2;2;4;2;3;2;3;3;3;3;3;3;3;2;3;3;2;3;2;2;2;2;2;3;2;2;2;3;3;2;3;3;3;2;2;2;3;3;3;3;0;1
10160121;4;2;3;3;1;5;3;5;1;3;2;1;1;4;5;5;1;3;1;3;2;3;5;5;3;4;4;3;3;4;5;5;5;4;1;3;2;4;3;4;4;3;3;4;3;4;3;4;4;1;4;2;4;4;3;4;4;4;4;4;4;4;3;2;3;3;4;3;3;1;1;3;1;3;1;4;3;4;4;3;2;5;4;3;2;4;4;4;4;3;4;4;2;1;3;4;3;2;3;4;3;3;3;4;3;1;2;3;2;2;4;0;1
10160122;3;3;3;2;3;4;4;2;3;3;3;4;2;3;2;3;3;4;3;2;3;3;2;3;3;3;4;3;2;2;3;3;3;4;3;3;4;3;2;4;4;2;3;2;4;3;4;3;4;4;4;3;3;4;4;2;4;3;3;3;4;4;2;3;2;3;2;2;4;3;3;4;3;3;3;3;3;3;2;3;3;3;3;4;3;3;3;3;2;3;3;2;2;2;3;4;3;4;3;3;3;2;2;3;4;3;3;2;3;4;4;0;1
10160123;4;4;4;3;3;3;3;3;3;3;3;3;2;3;3;3;3;3;1;3;3;3;4;5;4;5;3;5;4;4;3;3;3;4;4;4;3;4;3;3;3;5;3;3;3;3;3;4;4;2;3;2;4;4;4;3;3;4;3;4;3;4;4;4;4;3;4;4;3;2;3;2;2;4;3;4;3;3;3;3;4;2;2;4;3;4;3;1;3;3;4;3;1;2;4;3;3;3;3;4;4;3;3;4;3;3;4;3;4;3;4;0;1
10160125;5;5;5;5;5;5;5;5;5;5;5;5;5;5;5;5;5;5;5;5;5;5;5;5;5;5;5;5;5;5;5;5;5;5;5;5;5;5;5;5;5;5;5;5;5;5;5;5;5;5;5;5;5;5;5;5;3;3;5;3;3;5;5;3;1;5;1;5;2;3;3;1;5;5;1;1;5;5;3;2;1;1;3;3;3;5;3;4;3;5;4;4;1;1;2;5;5;5;5;3;4;4;3;4;3;4;4;3;3;3;3;0;1
10160127;5;1;2;3;2;3;3;1;1;3;2;5;2;3;3;1;1;3;2;2;2;3;3;1;1;4;3;2;3;5;5;5;3;4;3;1;3;4;3;3;2;1;3;2;3;2;3;3;3;1;3;3;4;4;2;4;3;4;2;2;4;2;4;3;1;3;3;3;2;1;1;2;2;3;1;3;2;3;3;4;3;2;4;3;2;2;4;3;2;1;1;3;2;1;4;4;2;2;2;4;2;2;4;2;2;3;2;3;3;4;2;0;1
10160132;4;4;4;4;3;4;4;4;4;3;3;3;3;3;3;3;3;4;3;3;3;3;3;3;3;5;5;5;5;5;3;3;4;3;4;3;4;3;4;3;3;3;3;4;4;1;1;3;4;4;3;3;3;3;3;4;4;2;4;4;3;3;3;4;3;4;4;4;3;3;3;4;3;3;3;3;3;3;3;3;3;2;4;3;4;3;3;3;3;1;3;4;4;4;4;4;1;4;4;4;4;4;4;1;1;4;3;3;4;5;5;0;1
10160133;2;5;5;5;3;4;5;4;4;3;4;4;3;4;1;4;3;2;2;1;2;4;2;3;2;4;5;2;3;4;5;5;3;4;4;2;3;5;3;3;4;4;3;4;5;3;2;1;3;2;2;3;3;3;2;3;2;2;3;3;2;2;4;4;2;3;5;2;4;1;2;1;4;3;3;2;2;2;2;3;4;4;4;2;3;2;4;3;3;3;4;4;3;4;2;2;4;4;3;3;3;4;3;3;3;2;3;3;1;3;3;0;1
10160134;4;3;3;3;4;3;3;3;3;4;3;2;3;3;5;4;4;3;2;3;2;2;3;3;3;4;3;4;4;3;4;4;3;4;4;2;3;3;5;3;4;3;4;2;2;4;5;1;1;2;3;4;5;4;3;3;1;3;2;3;1;3;2;2;4;2;3;3;2;5;2;4;2;5;4;2;3;4;3;2;2;3;2;3;3;3;4;3;3;2;1;3;1;4;1;3;5;3;3;3;2;2;3;2;2;4;3;4;5;3;2;0;1
10160139;3;2;3;3;2;4;3;3;2;3;3;4;1;2;3;2;2;3;2;2;3;3;3;3;3;4;3;2;4;3;3;3;2;4;3;2;3;4;3;3;3;3;3;3;3;3;3;3;3;1;3;2;3;4;3;3;3;2;3;3;3;3;3;3;4;4;3;3;3;2;2;2;1;3;2;3;1;3;3;3;3;2;3;2;2;3;3;2;2;3;3;3;2;2;3;3;2;3;4;3;3;3;2;3;2;3;2;3;3;3;3;0;1
10160141;5;3;1;4;4;5;3;4;5;5;5;1;4;3;5;1;2;5;5;5;3;3;5;3;5;5;5;5;4;4;1;5;4;5;5;2;5;5;5;5;2;5;5;5;3;3;5;5;5;1;5;1;5;5;3;5;5;1;4;4;3;5;5;5;5;5;5;5;3;5;5;4;3;5;5;5;1;5;5;3;5;3;5;4;3;5;5;4;5;4;1;5;1;5;3;5;5;5;5;5;5;5;3;5;2;5;5;5;5;5;5;0;1
10160143;3;3;1;4;3;4;3;5;2;5;5;5;1;3;5;1;5;5;1;4;2;4;4;5;3;4;5;4;3;5;2;5;1;4;4;2;3;5;3;3;4;5;3;3;4;2;4;5;5;1;5;3;5;5;5;4;3;5;4;3;3;5;5;3;1;4;2;4;3;4;1;3;1;5;5;4;2;3;5;5;4;3;5;3;2;3;5;1;4;2;3;3;1;1;5;3;2;3;3;5;3;3;2;3;3;3;3;3;3;3;3;0;1
10160144;4;2;2;4;3;3;5;4;2;4;3;2;2;3;3;1;5;3;2;3;3;4;4;5;4;4;3;4;4;4;3;4;2;4;5;2;4;4;5;1;3;3;4;2;4;2;1;4;3;2;5;2;3;3;4;5;3;2;4;4;2;5;4;4;3;5;4;2;4;2;2;2;2;4;2;4;4;5;3;4;4;3;5;4;1;4;5;1;5;3;3;5;2;2;5;3;2;2;4;5;4;5;3;4;4;5;1;5;4;5;2;0;1
10160145;5;3;3;3;2;3;5;5;1;5;4;1;1;2;5;1;1;5;2;5;4;3;5;5;3;5;4;4;5;4;3;5;2;5;3;3;3;5;3;3;4;4;3;3;4;2;3;5;2;1;4;2;5;4;4;4;4;4;3;5;3;4;4;2;4;2;5;3;2;2;2;2;3;5;1;5;3;4;4;3;4;5;4;4;2;4;3;1;5;3;4;4;1;1;4;4;3;3;5;5;4;5;1;5;1;1;1;4;3;2;3;0;1
10160147;3;2;3;3;2;5;3;4;1;3;3;2;1;3;2;3;3;3;1;3;5;4;4;2;3;3;3;3;3;5;4;5;3;3;4;3;3;5;4;4;4;3;3;2;2;3;3;4;4;2;3;2;3;5;3;3;4;4;3;3;4;3;3;4;2;3;3;3;3;3;1;3;2;3;4;3;2;4;3;3;3;4;3;3;2;4;5;2;4;3;3;3;2;2;3;3;3;3;3;5;3;3;3;4;2;2;3;3;4;3;3;0;1
10160152;3;4;3;3;3;3;4;3;3;3;3;3;3;3;3;3;3;3;3;3;3;3;3;4;3;4;4;4;4;4;3;4;4;3;5;2;1;3;2;3;4;3;3;3;2;2;3;4;4;4;3;3;3;3;2;3;4;3;3;3;3;5;3;3;2;4;4;4;2;3;3;4;3;3;3;4;3;3;3;3;3;4;5;2;1;3;3;2;2;3;3;3;2;3;3;4;3;3;3;5;3;5;4;2;3;4;3;3;3;3;3;0;1
10169004;3;3;3;3;3;3;3;3;3;3;3;3;3;3;3;3;3;3;3;3;3;3;3;3;3;3;3;3;3;3;3;3;3;3;3;3;3;3;3;3;4;3;3;3;3;3;3;3;3;3;3;3;3;3;3;3;4;2;4;5;5;3;4;5;3;3;3;4;3;3;3;3;3;3;3;3;3;3;3;3;3;3;2;4;2;4;3;2;4;5;4;5;4;2;4;4;3;3;4;5;3;3;4;4;1;3;3;3;3;3;3;0;1
10169006;3;4;3;3;3;4;3;4;2;2;3;1;2;3;3;4;3;3;2;2;2;3;3;3;3;3;3;3;3;3;3;2;3;3;3;3;3;5;4;4;3;2;4;3;3;3;3;1;3;2;4;2;4;5;4;3;4;3;4;3;3;3;4;4;3;3;2;4;3;2;2;2;1;2;2;3;2;4;3;4;3;5;4;2;2;5;4;3;3;5;1;2;1;2;2;3;3;3;3;5;4;4;2;4;1;3;2;4;2;3;4;0;1
10180001;3;3;4;4;3;5;4;4;3;3;5;1;1;3;3;1;1;3;1;3;5;5;4;3;3;4;2;3;2;2;5;3;3;3;3;3;4;4;3;2;1;4;3;1;2;2;4;2;4;1;4;4;4;4;3;5;3;5;4;4;3;5;4;2;3;4;3;4;3;2;1;4;4;4;4;3;1;4;3;4;3;2;4;4;1;3;4;2;3;2;4;4;4;1;4;2;4;3;3;3;3;4;1;3;4;3;3;3;3;3;3;0;1
10180002;3;2;4;3;1;2;3;2;1;2;2;5;1;3;2;3;1;2;1;2;1;4;2;2;3;3;4;2;3;4;1;2;2;4;3;4;2;3;2;4;3;2;2;2;2;3;3;1;2;1;2;3;2;3;2;3;5;5;4;3;4;3;3;4;1;3;2;4;2;1;1;2;1;4;1;2;1;1;3;4;2;4;3;2;2;4;5;3;3;5;4;3;5;1;3;3;1;4;3;5;4;4;2;2;5;1;2;1;5;5;4;0;1
10180003;3;3;2;3;4;5;3;2;1;3;3;1;1;3;3;2;4;4;1;3;2;4;4;5;2;4;5;3;3;3;3;5;3;3;5;2;4;5;4;3;4;4;3;3;2;3;3;3;4;1;5;2;5;5;5;3;3;4;3;3;4;5;4;3;3;3;4;3;4;1;1;2;3;4;4;4;2;5;3;3;3;2;5;3;3;4;3;3;3;3;2;2;3;1;4;3;3;2;3;3;3;3;3;3;5;3;3;3;3;3;2;0;1
10180004;2;2;4;4;2;4;2;2;2;2;3;3;1;2;2;3;2;2;1;3;4;2;3;2;2;3;2;2;2;3;2;2;4;3;1;3;2;3;2;2;2;2;2;2;2;2;2;3;2;1;3;2;2;3;2;3;1;4;1;1;2;2;3;2;2;1;3;2;2;1;1;4;4;1;1;1;4;2;1;1;1;1;4;2;2;2;4;2;2;2;3;4;5;1;2;2;1;1;2;2;1;3;3;2;3;1;3;1;3;1;1;0;1
10180011;3;3;3;3;3;4;3;2;4;2;5;3;4;2;3;2;4;4;4;3;2;3;4;4;4;4;4;5;3;5;4;2;3;4;4;2;2;4;3;2;2;4;4;2;3;3;3;4;3;3;4;3;4;3;4;3;4;4;3;2;2;4;4;3;3;4;4;3;3;3;4;4;1;3;5;5;3;3;3;3;3;1;5;3;2;3;4;1;3;3;2;3;2;5;4;4;4;2;3;3;3;4;2;5;2;1;3;3;2;2;3;0;1
10180015;4;1;1;5;5;5;5;5;4;5;5;5;3;3;4;1;4;4;4;4;3;3;5;5;5;4;2;5;3;5;4;5;2;5;4;3;3;5;3;1;2;5;5;4;3;2;4;5;5;5;5;2;5;5;5;4;3;3;5;5;2;5;5;4;5;5;5;4;4;2;2;4;2;5;5;5;2;4;5;5;5;5;5;5;3;5;5;1;5;5;4;4;1;5;5;4;5;3;4;5;5;5;4;5;3;4;2;4;4;4;4;0;1
10180017;4;1;1;5;5;5;2;5;5;5;5;1;4;4;3;1;4;4;4;5;1;2;5;5;3;5;5;5;3;5;2;5;2;5;5;5;2;3;3;5;3;5;5;5;4;1;3;5;5;4;5;2;5;5;5;4;5;1;5;3;2;5;5;4;5;5;5;5;5;5;4;3;3;3;5;5;1;5;5;5;5;2;5;4;1;5;5;2;5;5;4;2;1;5;5;5;3;4;3;5;3;5;3;5;3;4;3;3;2;4;5;0;1
10180018;4;3;1;5;3;5;2;2;4;3;5;1;4;4;3;1;3;5;5;4;4;4;5;2;3;5;5;4;4;5;4;4;3;3;3;5;5;4;5;3;5;4;3;5;3;4;4;4;5;4;5;2;5;4;3;3;4;1;5;5;1;5;5;3;3;5;5;5;3;4;1;5;5;5;3;5;1;5;4;5;3;4;3;4;2;3;5;1;5;4;5;4;2;5;5;4;4;5;4;5;3;5;4;5;2;4;5;5;5;5;5;0;1
10180019;4;1;2;4;4;5;3;5;3;5;5;3;3;4;4;1;4;4;3;5;3;3;3;5;5;5;4;4;4;5;3;3;2;4;3;5;3;5;4;1;5;4;3;4;4;2;3;5;4;3;5;2;5;5;5;4;4;2;4;4;1;5;4;3;4;4;5;4;4;4;3;2;3;4;5;5;2;5;4;5;5;5;3;4;3;4;4;1;4;4;5;3;2;3;5;3;3;3;3;2;2;5;2;4;3;2;4;5;4;4;4;0;1
10180021;5;1;1;5;1;5;5;5;1;5;5;1;3;5;5;1;1;5;3;5;5;5;5;5;5;5;5;5;5;5;5;5;1;5;1;5;1;5;4;1;5;5;2;1;1;3;1;5;5;1;5;1;5;5;5;5;5;1;5;5;2;5;5;1;3;5;5;1;5;3;1;1;3;5;5;5;1;3;5;5;3;1;5;3;1;5;5;1;3;5;4;1;5;1;5;1;5;5;5;5;5;5;1;5;5;1;1;5;5;5;5;0;1
10180023;2;1;3;5;5;2;2;3;3;3;1;5;3;3;3;1;5;3;5;5;1;2;1;3;3;3;1;3;3;5;2;5;5;3;1;3;3;3;5;1;3;3;3;1;1;1;3;1;3;3;5;3;3;3;1;3;3;1;3;5;1;5;3;1;3;1;3;5;5;5;1;3;1;5;1;5;1;5;5;5;5;3;1;3;1;3;3;1;5;1;3;1;5;5;5;3;3;3;1;3;5;3;3;3;3;3;1;3;1;3;3;0;1
10180026;3;3;3;3;3;3;3;5;5;3;3;3;3;3;3;3;3;5;3;3;3;3;3;3;3;3;3;3;3;3;2;4;5;5;4;3;3;5;3;1;5;5;3;3;3;3;3;3;3;3;3;3;3;3;3;3;1;5;3;2;3;5;4;4;3;3;5;2;3;5;2;3;5;4;3;2;2;2;1;3;3;5;4;3;3;5;5;1;5;1;1;5;3;1;5;3;5;5;3;3;2;3;2;2;1;1;2;2;3;2;2;0;1
10180028;3;3;3;3;3;2;2;1;1;3;2;5;3;3;3;1;3;3;3;3;3;3;3;3;3;3;3;3;3;3;3;3;1;3;3;3;3;3;3;3;3;3;3;3;1;5;1;4;3;1;3;2;3;2;1;4;2;1;4;2;5;5;5;5;3;3;3;3;3;4;1;1;1;3;1;4;2;4;3;3;3;4;3;4;1;3;3;3;5;5;1;5;3;5;5;3;3;3;2;1;3;4;3;3;3;3;5;3;1;3;4;0;1
10180029;5;1;1;5;4;5;4;5;5;4;5;1;5;5;5;1;5;5;5;4;1;3;5;5;5;5;5;5;4;4;1;5;2;5;5;5;4;5;5;1;4;5;5;4;4;1;2;4;5;4;5;2;5;5;5;5;4;2;4;4;1;5;5;5;5;5;4;5;5;5;5;2;3;4;5;5;2;5;5;5;4;1;4;4;1;5;5;2;5;5;5;2;2;5;5;5;3;5;4;5;5;5;2;5;5;5;5;4;1;5;5;0;1
10180030;5;2;1;5;4;5;3;4;5;4;5;1;5;1;4;1;4;5;5;4;4;4;3;4;4;5;3;5;4;5;2;4;1;4;4;4;3;5;5;2;4;5;4;4;5;2;2;2;4;4;5;2;5;5;5;5;5;1;5;4;2;5;5;5;2;4;3;5;3;5;4;1;2;4;5;4;2;5;5;3;4;5;4;5;1;5;5;1;4;4;4;2;1;5;5;5;3;4;5;5;3;5;1;5;1;5;3;4;3;3;5;0;1
10180031;4;2;1;3;4;5;4;5;4;3;4;1;4;2;3;1;5;3;3;4;1;2;4;5;4;4;4;4;4;5;1;4;3;4;5;5;3;5;4;1;4;4;4;4;4;2;5;3;3;2;5;1;5;5;5;4;4;3;3;3;2;5;5;5;5;3;5;4;5;5;3;2;4;4;3;4;2;4;4;3;4;1;4;3;4;3;5;2;5;5;4;2;2;4;5;4;3;3;3;5;4;5;3;3;3;5;3;4;1;4;4;0;1
10180037;3;3;1;5;3;4;3;4;3;4;4;5;3;3;3;1;3;5;4;4;2;4;4;4;4;4;3;3;3;4;2;5;2;4;5;3;3;5;4;2;4;5;4;3;4;2;2;2;3;2;4;2;4;5;4;3;4;1;3;4;2;4;4;3;5;3;4;3;3;4;3;2;3;3;2;3;1;4;3;4;4;5;3;4;1;4;4;2;3;4;3;2;1;4;4;2;3;3;4;5;3;5;3;4;4;5;3;4;3;4;4;0;1
10180042;5;2;3;4;5;4;2;5;3;5;3;2;3;2;3;1;1;4;3;4;3;4;3;3;2;3;3;4;3;5;3;4;2;3;3;4;2;5;3;3;2;2;4;3;4;2;2;5;2;3;4;2;4;4;4;4;3;3;3;3;2;5;4;3;3;3;3;5;3;4;2;4;1;5;2;3;2;3;3;4;3;1;2;5;1;5;4;1;3;4;5;4;1;4;5;3;5;5;4;4;4;2;1;4;4;3;4;3;4;3;4;0;1
10180045;3;5;1;3;3;4;3;3;1;4;2;1;1;3;3;1;4;3;2;3;5;3;3;1;4;3;3;2;3;4;3;5;2;3;3;3;4;5;4;2;4;3;3;2;3;2;3;2;3;1;4;2;4;5;3;3;4;2;3;3;3;4;3;3;1;3;3;3;3;3;2;3;1;3;1;3;1;4;3;4;4;2;4;3;3;4;3;2;3;3;3;2;2;2;3;3;2;3;3;4;3;3;3;3;3;3;3;3;3;3;3;0;1
10180046;5;5;1;5;4;4;5;5;1;4;3;1;2;4;4;1;3;4;2;4;4;3;5;3;5;4;4;4;4;2;1;5;2;4;4;4;2;4;5;2;4;1;4;2;5;1;3;3;4;1;5;1;5;3;5;4;3;2;5;4;3;5;5;5;3;4;1;4;4;1;1;2;1;4;3;5;1;5;2;4;5;3;5;4;1;3;5;1;5;4;4;2;1;3;5;3;4;5;5;5;4;5;4;5;3;5;4;5;4;5;5;0;1
10180050;3;3;3;4;3;3;3;2;3;3;2;3;2;3;3;2;2;2;2;3;2;3;3;2;3;3;3;3;3;3;2;2;3;4;3;3;3;4;4;3;3;3;3;3;3;3;3;2;4;2;4;3;3;4;3;2;3;2;3;3;2;3;3;3;4;3;3;4;3;3;3;3;2;3;2;3;3;3;4;3;3;3;3;4;3;4;3;2;3;4;4;2;3;3;4;4;3;3;3;3;2;3;2;4;4;3;3;4;3;3;4;0;1
10180051;4;2;2;5;4;4;4;4;2;3;5;5;1;2;4;1;2;5;2;4;3;4;4;3;4;5;3;3;4;4;4;3;2;5;2;2;3;4;4;3;3;4;4;4;3;2;3;5;3;1;4;2;4;4;4;4;4;3;4;4;4;4;4;2;3;3;4;4;3;2;3;2;3;4;3;4;2;5;4;5;5;5;4;4;2;4;4;2;4;4;4;3;4;2;5;4;5;3;5;3;3;4;2;3;1;5;3;4;5;4;4;0;1
10180054;4;2;1;4;4;5;4;5;4;5;5;1;5;4;3;1;5;5;5;5;3;4;3;5;4;4;3;4;4;5;2;5;1;5;5;1;4;5;4;2;4;4;5;3;5;2;2;5;2;3;5;1;4;5;5;5;4;2;3;4;1;5;4;5;3;5;5;5;4;5;5;3;5;3;5;5;1;4;4;3;3;5;3;3;3;5;5;1;3;5;3;2;1;5;5;2;5;4;4;4;4;5;3;4;3;3;3;4;3;2;4;0;1
10180055;4;4;2;4;4;2;3;3;2;2;3;5;2;3;2;2;1;3;1;3;5;1;4;3;3;3;2;4;2;5;3;1;2;4;4;2;3;3;3;2;3;3;1;3;3;4;4;1;4;1;3;4;2;3;4;2;2;2;3;2;4;4;3;2;2;3;3;4;2;3;2;2;2;4;1;5;4;4;3;4;3;1;2;3;1;2;4;4;4;3;1;2;2;2;4;4;4;2;2;2;4;3;4;3;4;1;2;3;4;2;3;0;1
10180057;3;3;1;5;4;4;5;4;4;4;3;1;5;4;4;1;1;3;4;4;4;4;4;2;4;4;4;4;3;3;2;4;2;4;3;3;3;4;4;3;4;2;3;4;4;2;3;2;3;5;5;2;5;4;5;3;5;1;4;3;2;4;5;3;3;4;5;4;3;3;4;4;1;4;2;4;2;5;4;4;5;3;4;2;3;4;4;3;4;4;4;4;2;5;4;3;2;4;4;5;4;3;4;5;4;4;2;5;3;4;4;0;1
